Place_Id,Place_Name,Description,Category,City,Price,Rating
1,Taman Pintar Yogyakarta,"Taman Pintar Yogyakarta (bahasa Jawa: Hanacaraka,ꦠꦩꦤ꧀​ꦥꦶꦤ꧀ꦠꦂ​ꦔꦪꦺꦴꦒꦾꦏꦂꦠ, Taman Pintar Ngayogyakarta) adalah wahana wisata yang terdapat di pusat Kota Yogyakarta, tepatnya di Jalan Panembahan Senopati No. 1-3, Yogyakarta, di kawasan Benteng Vredeburg. Taman ini memadukan tempat wisata rekreasi maupun edukasi dalam satu lokasi. Taman Pintar memiliki arena bermain sekaligus sarana edukasi yang terbagi dalam beberapa zona. Akses langsung kepada pusat buku eks Shopping Centre juga menambah nilai lebih Taman Pintar. Tempat rekreasi ini sangat baik untuk anak-anak pada masa perkembangan.\nBeberapa tahun ini Taman Pintar menjadi alternatif tempat berwisata bagi masyarakat Yogyakarta maupun luar kota.Taman ini, khususnya pada wahana pendidikan anak usia dini dilengkapi dengan teknologi interaktif digital serta pemetaan video yang akan memacu imajinasi anak serta ketertarikan mereka terhadap teknologi. Pada saat ini ada 35 zona dan 3.500 alat peraga permainan yang edukatif.",Taman Hiburan,Yogyakarta,6000,2
2,Keraton Yogyakarta,"Keraton Ngayogyakarta Hadiningrat atau Keraton Yogyakarta (bahasa Jawa: ꦏꦫꦠꦺꦴꦤ꧀​ꦔꦪꦺꦴꦒꦾꦏꦂꦠ​ꦲꦢꦶꦤꦶꦔꦿꦠ꧀, translit. Karaton Ngayogyakarta Hadiningrat) merupakan istana resmi Kesultanan Ngayogyakarta Hadiningrat yang kini berlokasi di Kota Yogyakarta. Keraton ini didirikan oleh Sri Sultan Hamengkubuwana I pada tahun 1755 sebagai Istana/Keraton Yogyakarta yang baru berdiri akibat perpecahan Mataram Islam dengan adanya Perjanjian Giyanti. Keraton ini adalah pecahan dari Keraton Surakarta Hadiningrat dari Kesunanan Surakarta (Kerajaan Surakarta). Sehingga dinasti Mataram diteruskan oleh 2 Kerajaan yakni Kesultanan Yogyakarta dan Kesunanan Surakarta. Total luas wilayah keseluruhan keraton yogyakarta mencapai 184 hektar, yakni meliputi seluruh area di dalam benteng Baluwarti, alun-alun Lor, alun-alun Kidul, gapura Gladak, dan kompleks Masjid Gedhe Yogyakarta. Sementara luas dari kedhaton (inti keraton) mencapai 13 hektar. Walaupun Kesultanan Yogyakarta secara resmi telah menjadi bagian Republik Indonesia pada tahun 1945, kompleks bangunan keraton ini masih berfungsi sebagai tempat tinggal sultan dan rumah tangga istananya yang masih menjalankan tradisi kesultanan hingga saat ini. Keraton ini kini juga merupakan salah satu objek wisata di Kota Yogyakarta. Sebagian kompleks keraton merupakan museum yang menyimpan berbagai koleksi milik kesultanan, termasuk berbagai pemberian dari raja-raja Eropa, replika pusaka keraton, dan gamelan. Dari segi bangunannya, keraton ini merupakan salah satu contoh arsitektur istana Jawa yang terbaik, memiliki balairung-balairung mewah dan lapangan serta paviliun yang luas.",Budaya,Yogyakarta,15000,3
3,Sindu Kusuma Edupark (SKE),"Sindu Kusuma Edupark (SKE) merupakan sebuah destinasi rekreasi yang terletak di Jogjakarta. Di tujuh hektar kawasan taman yang selesai dibangun tahun 2014 ini, terdapat bermacam-macam wahana, baik wahana bermain maupun wahana belajar yang bisa dinikmati oleh semua anggota keluarga. Wahana yang paling terkenal dari SKE adalah bianglalanya, yang merupakan sebuah wahana bermain sekaligus ikon SKE sendiri. Bila Singapore memiliki Flyer setinggi 165 meter, sementara Malaysia punya Eye setinggi 88 meter, dan di Thailand ada Asiatique setinggi 60 meter, Indonesia memiliki Cakra Manggilingan dengan tinggi 48 meter. Di tingkat Asia Tenggara, bianglala ini memang mesti berpuas diri duduk di peringkat keenam sebagai bianglala tertinggi, tetapi di tingkat nasional, ia duduk di peringkat pertama.",Taman Hiburan,Yogyakarta,20000,1
4,Museum Benteng Vredeburg Yogyakarta,"Museum Benteng Vredeburg (bahasa Jawa: ꦩꦸꦱꦶꦪꦸꦩ꧀​ꦧꦺꦠꦺꦁ​ꦮ꦳ꦽꦢꦼꦧꦸꦂꦒ꧀, translit. Musiyum Bètèng Vredeburg adalah sebuah benteng yang terletak di depan Gedung Agung dan Kraton Kesultanan Yogyakarta. Sekarang, benteng ini menjadi sebuah museum. Di sejumlah bangunan di dalam benteng ini terdapat diorama mengenai sejarah Indonesia.",Budaya,Yogyakarta,3000,3
5,De Mata Museum Jogja,"Museum De Mata merupakan salah satu museum yang berisi lukisan 3D terbanyak di dunia. Jumlah lukisannya sekitar 120 dan setiap lukisan memiliki konsep dengan latar belakang yang terlihat seperti nyata. Ada beberapa ukuran lukisan yang ada di Museum De Mata dari ukuran biasa sampai mencapai 5 meter. Ada beberapa macam kategori lukisannya yaitu ornament, lanscape, olahraga, tokoh-tokoh terkenal, superhero, sampai lukisan sirkus. Museum ini didirikan untuk masyarakat menghabiskan liburan dengan menambah pengetahuan. Museum ini menawarkan banyak lukisan-lukisan yang unik misalnya terdapat lukisan dimana anda dapat merasakan keseruan berjalan di atas jembatan kayu yang dibawahnya terdapat jurang yang curam Atau berjuang untuk memadamkan semburanapi panas ari mulut naga, lukisan tersebut tampak seolah-olah nyata. Semua itu terdapat di dalam museum De Mata dengan hasil efek yang menipu mata.",Budaya,Yogyakarta,50000,2
6,Kampung Wisata Taman Sari,"Taman Sari Yogyakarta atau Taman Sari Keraton Yogyakarta (Hanacaraka:ꦠꦩꦤ꧀ꦱꦫꦶꦔꦪꦺꦴꦒꦾꦏꦂꦡ, Tamansari Ngayogyakarta) adalah situs bekas taman atau kebun istana Keraton Ngayogyakarta Hadiningrat, yang dapat dibandingkan dengan Kebun Raya Bogor sebagai kebun Istana Bogor. Kebun ini dibangun pada zaman Sultan Hamengku Buwono I (HB I) pada tahun 1758-1765/9. Awalnya, taman yang mendapat sebutan ""The Fragrant Garden"" ini memiliki luas lebih dari 10 hektare dengan sekitar 57 bangunan baik berupa gedung, kolam pemandian, jembatan gantung, kanal air, maupun danau buatan beserta pulau buatan dan lorong bawah air. Kebun yang digunakan secara efektif antara 1765-1812 ini pada mulanya membentang dari barat daya kompleks Kedhaton sampai tenggara kompleks Magangan. Namun saat ini, sisa-sisa bagian Taman Sari yang dapat dilihat hanyalah yang berada di barat daya kompleks Kedhaton saja.",Taman Hiburan,Yogyakarta,5000,3
7,Situs Warungboto,"Situs Warungboto atau Pesanggrahan Rejawinangun adalah salah satu bangunan cagar budaya yang terletak di Jalan Veteran No.77, Kelurahan Warungboto, Kecamatan Umbulharjo, Kota Yogyakarta, Daerah Istimewa Yogyakarta. Pada awalnya, situs ini merupakan lokasi sebuah pesanggrahan dan pemandian.",Taman Hiburan,Yogyakarta,0,2
8,Nol Kilometer Jl.Malioboro,"Walaupun hanyalah sebuah persimpangan, namun persimpangan Titik 0 km ini bukanlah sebuah persimpangan biasa. Karena di persimpangan ini bisa dibilang sebagai titik tengah kota Jogja karena lokasinya yang benar-benar di depan Keraton Yogyakarta sebagai pendiri daerah yang istimewa ini. Terlebih lagi di sebelah utaranya adalah pusat keramaian wisata Jogja yaitu Jalan Malioboro, sehingga jika anda sedang nongkrong di persimpangan Titik Nol Kilometer ini benar-benar merasakan titik tengah Jogja yang begitu syahdu. Titik 0 Kilometer Yogyakarta memang tempat favorit wisatawan untuk menghabiskan waktu, terlebih pada sore hari dan malam hari yang setiap hari selalu ramai disesaki oleh para wisatawan yang sekedar hanya untuk nongkrong di dudukan yang banyak disediakan di sekitar perempatan.",Taman Hiburan,Yogyakarta,0,3
9,Gembira Loka Zoo,"Kebun Binatang Gembira Loka biasa disebut Gembira Loka Zoo (disingkat GL Zoo, bahasa Jawa: ꦏꦼꦧꦺꦴꦤ꧀​ꦫꦗ​ꦒꦼꦩ꧀ꦧꦶꦫ​ꦭꦺꦴꦏ, translit. Kêbon Raja Gêmbira Loka) adalah kebun binatang yang berada di Kota Yogyakarta. Berisi berbagai macam spesies dari belahan dunia, seperti orang utan, gajah asia, simpanse, harimau, dan lain sebagainya. Kebun Binatang Gembira Loka menjadi daya tarik tersendiri bagi para wisatawan Yogyakarta. Gembira Loka Zoo sempat rusak parah akibat gempa bumi Yogyakarta tahun 2006. Tetapi, setelah direnovasi Kebun Binatang Gembira Loka tetap dicari para wisatawan.",Cagar Alam,Yogyakarta,60000,2
10,Sumur Gumuling,Sumur Gumuling adalah salah satu tempat untuk ibadah atau kegiatan agama pada masa lalu. Sumur Gumuling merupakan masjid pada zaman pemerintahan Sri Sultan Hamengkubuwana I dan II.,Taman Hiburan,Yogyakarta,7000,2
11,Desa Wisata Sungai Code Jogja Kota,"Kampung Code berada di Kelurahan Kotabaru, Kecamatan Gondokusuman Kota Yogyakarta. Lokasi persisnya ada di RT 01/RW 01 di sebelah selatan jembatan Gondolayu di Jl Jenderal Sudirman atau di sebelah timur bantaran Kali Code yang membelah Kota Yogyakarta. Kampung Code terletak persis di bantaran Kali Code yang memanjang ke arah selatan dengan kontur tanah bertebing dari atas ke bawah. Di bagian atas yang mepet Jl Faridan M. Noto sebagian besar digunakan warga untuk usaha jasa/jual beli ban mobil. Sedangkan di bagian bawah menjadi tempat pemukiman warga. Kampung Code yang tadinya kampung biasa, menjelma menjadi sebuah karya seni berkat jasa seorang arsitek sekaligus pemuka agama katolik, Romo YB Manguwijaya.",Taman Hiburan,Yogyakarta,0,4
12,Alun Alun Selatan Yogyakarta,"Alun-alun Selatan atau yang sekarang lebih dikenal sebagai Alun-alun Kidul (Alkid) yaitu alun-alun yang terletak di sebelah selatan karaton Yogyakarta. Alun-alun ini berbentuk tanah lapang luas berpasir, dengan luas sekitar 160m x 160 m. Alun-alun ini dikelilingi pagar tembok batu bata setinggi 2,20 m, tebal pagar tembok 30 cm, sudah banyak yang runtuh dan rusak. Adapun pagar tembok yang dapat disaksikan sekarang adalah pagar tembok baru, yang dibangun oleh Sri Sultan Hamengkubuwono ke VII pada masa pemerintahannya tahun 1877 -1921 M.",Taman Hiburan,Yogyakarta,0,3
13,Monumen Yogya Kembali,"Museum Monumen Yogya Kembali (bahasa Jawa: ꦩꦺꦴꦤꦸꦩꦺꦤ꧀​ꦪꦺꦴꦒꦾ​ꦏꦼꦩ꧀ꦧꦭꦶ, translit. Monumèn Yogya Kembali) biasa dikenal sebagai Monumen Jogja Kembali disingkat Monjali adalah sebuah museum sejarah perjuangan kemerdekaan Indonesia yang ada di Daerah Istimewa Yogyakarta dan dikelola oleh Kementerian Pariwisata dan Ekonomi Kreatif. Museum yang berada di bagian utara kota ini banyak dikunjungi oleh para pelajar dalam acara darmawisata.\n\nMuseum monumen dengan bentuk kerucut ini terdiri dari 3 lantai dan dilengkapi dengan ruang perpustakaan serta ruang serbaguna. Pada rana pintu masuk dituliskan sejumlah 422 nama pahlawan yang gugur di daerah Wehrkreise III (RIS) antara tanggal 19 Desember 1948 sampai dengan 29 Juni 1949. Dalam 4 ruang museum di lantai 1 terdapat benda-benda koleksi: relief, replika, foto, dokumen, heraldika, berbagai jenis senjata, bentuk evokatif dapur umum dalam suasana perang kemerdekaan 1945-1949. Tandu dan dokar (kereta kuda) yang pernah dipergunakan oleh Panglima Besar Jenderal Soedirman juga disimpan di sini (di ruang museum nomor 2). Monumen Yogya Kembali beralamat di Jl. Ring Road Utara, Kabupaten Sleman, Daerah Istimewa Yogyakarta.",Budaya,Yogyakarta,15000,2
14,Taman Pelangi Yogyakarta,"Taman Pelangi Yogyakarta merupakan tempat wisata malam yang menampilkan warna-warni lampu lampion, sehingga terlihat seperti pelangi. Taman wisata ini terletak di Jalan Padjajaran (sebelumnya bernama Jalan Ring Road Utara), dan berada di lokasi Museum Monumen Yogya Kembali (Monumen Jogja Kembali) Yogyakarta. Taman Pelangi memiliki lebih dari 20 jenis permainan, 25 stand makan dan stand minum. Taman pelangi ini bisa dinikmati dari sore sampai malam, atau dari jam 17.00 sampai jam 23.00. Malam hari anda akan terasa lengkap dan sempurna di Taman Pelangi dengan banyaknya lampion yang menyala memberikan kesan yang menarik untuk menenangkan pikiran.",Taman Hiburan,Yogyakarta,15000,1
15,Kampung Wisata Kadipaten,Kampung Wisata Kadipaten secaara kewilayahan berada di Kelurahan Kadipaten Kecamatan Kraton. Keberadaannya juga berfungsi sebagai penyangga obyek wisata Kraton Kasultanan Yogyakarta. Sesuai dengan potensi yang ada Kampung Wisata Kadipaten kemudian mengangkat tema “Art and Heritage Turism” sebagai brandinngnya. Kawasan kampung wisata ini menjadi sangat unik dan spesifik karena disana banyak terdapat bangunan situs cagar busaya terutama bangunan Dalem Pangeran. Nama Kadipaten sendiri konon berasal dari nama kawasan yang disana banyak terdapat bangunan situs cagar budaya terutama bangunan Dalem Pangeran. Nama Kadipaten konon berasal dari nama kawasan yang disana banyak ditinggali oleh kerabat Kraton yang sekaligus sebagai pengagung Kraton.,Budaya,Yogyakarta,0,2
16,Taman Budaya Yogyakarta,"Taman Budaya Yogyakarta (TBY) (Hanacaraka:ꦠꦩꦤ꧀​ꦧꦸꦢꦪ​ꦔꦪꦺꦴꦒꦾꦏꦂꦠ, bahasa Jawa: Taman Budaya Ngayogyakarta) adalah sarana wisata yang terletak di Jalan Sri Wedani No 1, Yogyakarta. TBY memiliki kompleks gedung yang berfungsi sebagai tempat pameran, pertunjukan, dan berbagai kegiatan seni lainnya. TBY merupakan Unit Pelaksana Teknis Dinas (UPTD) pada Dinas Kebudayaan Provinsi Daerah Istimewa Yogyakarta. Fungsi dari TBY adalah sebagai pusat budaya termasuk di dalamnya pengembangan dan pengolahan pusat dokumentasi, etalase, dan informasi seni budaya dan pariwisata.",Budaya,Yogyakarta,0,2
17,Kampung Wisata Sosro Menduran,"Kampung wisata Sosromenduran merupakan kampung wisata yang sangat unik karena berbasis multi culture, akomodasi dan belanja sekaligus berfungsi sebagai penyangga kawasan Objek Wisata Malioboro. Secara kewilayahan kampung wisata sosromenduran berada di Kelurahan Sosromenduran Kecamatan Gedongtengen. Letaknya sangat strategis karena berada disamping dikawasan Malioboro juga sangat dekat dengan Stasiun Kereta Api Tugu serta banyak terdapat fasilitas kepariwisataan baik hotel, homestay, warung dan restoran, travel, money changer, coffee, rental mobil, sepeda motor bahkan sepeda ontel dan yang sangat menarik di kampung wisata Sosromenduran juga terdapat banyak produsen souvenir kaos oblong yang juga banyak dijual di sepanjang jalan malioboro",Budaya,Yogyakarta,0,0
18,Monumen Batik Yogyakarta,"Perhatian pemerintah megenai kebudayan batik ini sangat besar, hal ini dikarenakan kebudayaannya bersinggungan langsung dengan masyarakat Jawa. Memperingati Hari Batik Nasional pada hari ini, traveler bisa berjalan-jalan ke monumen batik yang ada di Jogja. Perhatian pemerintah megenai kebudayan batik ini sangat besar, hal ini dikarenakan kebudayaannya bersinggungan langsung dengan masyarakat Jawa. Memperingati Hari Batik Nasional pada hari ini, traveler bisa berjalan-jalan ke monumen batik yang ada di Jogja.",Budaya,Yogyakarta,40000,2
19,Tugu Pal Putih Jogja,"Tugu Yogyakarta (Jawa: , Tugu Ngayogyakarta) adalah sebuah landmark bersejarah yang penting di kota Yogyakarta, Indonesia. Tugu berarti tugu, yang biasanya dibangun sebagai simbol suatu kawasan yang mengkonseptualisasikan ciri-ciri kawasan tersebut. Karena latar belakang sejarahnya, Tugu Yogyakarta telah menjadi ikon sejarah kota. Tugu Yogyakarta terletak tepat di tengah persimpangan antara Jalan Mangkubumi, Jalan Sudirman, Jalan A.M Sangaji, dan Jalan Dipenogoro kota.",Taman Hiburan,Yogyakarta,0,3
20,Tebing Breksi,"Tebing Breksi merupakan tempat wisata yang berada di wilayah Kabupaten Sleman. Lokasinya berada di sebelah selatan Candi Prambanan dan berdekatan dengan Candi Ijo serta Kompleks Keraton Boko. Lokasi Wisata Tebing Breksi tepatnya berada di Desa Sambirejo, Prambanan, Kabupaten Sleman, Daerah Istimewa Yogyakarta 55572.",Budaya,Yogyakarta,20000,2
21,Candi Donotirto,"Walaupun melekat dengan kata candi, Candi Donotirto bukanlah peninggalan jaman Hindu-Buddha di Yogyakarta. Tempat ini dibangun oleh pemerintah Belanda. Ada dua bagian, yaitu bagian barat untuk kaum adam dan bagian timur untuk kaum hawa. Masing-masing dialiri oleh 5 buah pancuran air yang bersumber dari Sungai Winogo, berarti ada 10 buah pancuran di sana. Hingga kini, tempat ini tetap dirawat oleh warga sekitar walaupun digunakan sebagai WC umum. Oleh karenanya, janganlah berat tangan untuk menyisihkan uang Anda sebagai ganti biaya perawatan dan kebersihan tempat ini.",Budaya,Yogyakarta,0,2
22,Kawasan Malioboro,"Jalan Malioboro adalah nama salah satu kawasan jalan dari tiga jalan di Kota Yogyakarta yang membentang dari Tugu Yogyakarta hingga ke perempatan Kantor Pos Yogyakarta. Secara keseluruhan terdiri dari Jalan Margo Utomo, Jalan Malioboro, dan Jalan Margo Mulyo. Jalan ini merupakan poros Garis Imajiner Kraton Yogyakarta.",Taman Hiburan,Yogyakarta,0,4
23,Bangsal Pagelaran,"Bangunan utama adalah Bangsal Pagelaran yang dahulu dikenal dengan nama Tratag Rambat. Pada zamannya Pagelaran merupakan tempat para penggawa kesultanan menghadap Sultan pada upacara resmi. Sekarang sering digunakan untuk even-even pariwisata, religi, dan lain-lain disamping untuk upacara adat keraton. Sepasang Bangsal Pemandengan terletak di sisi jauh sebelah timur dan barat Pagelaran. Dahulu tempat ini digunakan oleh Sultan untuk menyaksikan latihan perang di Alun-alun Lor.",Budaya,Yogyakarta,5000,3
24,Embung Tambakboyo,"Embung atau waduk Tambakboyo adalah konservasi air yang terletak di Dusun Tambakboyo, Kecamatan Depok, Kabupaten Sleman, Yogyakarta. Waduk ini memanfaatkan sumber air dari sungai Tambak Bayan dan sungai Buntung dengan luasan 7,8 ha. Waduk ini dibangun sejak tahun 2003 hingga 2008 dan diresmikan setahun kemudian.",Taman Hiburan,Yogyakarta,0,2
25,Hutan Pinus Pengger,"Hutan Pinus Pengger (bahasa Jawa: ꦄꦭꦱ꧀​ꦥꦶꦤꦸꦱ꧀​ꦥꦼꦁ​ꦒꦼꦂ​, translit. Alas Pinus​ Pěnggěr) merupakan salah satu objek wisata andalan Kabupaten Bantul. Wisata alam ini berlokasi di Sendangsari, Desa Terong, Kec. Dlingo, Kabupaten Bantul, Daerah Istimewa Yogyakarta.\nHutan Pinus Pengger mudah dijangkau karena terletak dipinggir jalan Patuk-Dlingo km 4,5.\nWalaupun masih terdengar asing, dikalangan penyuka jalan-jalan objek wisata, Hutan Pinus Pengger terbilang cukup populer . Tempat ini masih dirasa asing karena baru dibuka secara resmi pada tanggal 7 April 2016. Hutan Pinus ini sangat digemari oleh para pencipta objek wisata, karena objek wisata ini menyuguhkan pemandangan alam yang sangat indah.",Taman Hiburan,Yogyakarta,3000,2
26,Monumen Serangan Umum 1 Maret,"Monumen Serangan Umum 1 Maret berada di area sekitar Museum Benteng Vredeburg yaitu tepat di depan Kantor Pos Besar Yogyakarta. Monumen ini dibangun untuk memperingati serangan tentara Indonesia terhadap Belanda pada tanggal 1 Maret 1949. Ketika itu Negara Indonesia telah dianggap lumpuh dan tidak ada oleh Belanda. Untuk membuktikan bahwa Negara Indonesia masih ada maka dilakukan serangan besar-besaran. Serangan ini dilakukan oleh Tentara Nasional Indonesia (TNI) yang dipimpin oleh Letnan Kolonel Soeharto, Komandan Brigade 10 daerah Wehrkreise III.",Taman Hiburan,Yogyakarta,3000,3
27,Puncak Pinus Becici,"Puncak Pinus Becici atau Puncak Becici merupakan objek wisata yang berada di Desa Muntuk, Kecamatan Dlingo, Kabupaten Bantul, Yogyakarta. Pemandangan di kawasan ini sangat indah dengan hamparan perbukitan yang banyak di tumbuhi pohon pinus serta dapat melihat pesona Kota Yogyakarta dari ketinggian dengan gardu pandang. Dari bagian utara dapat melihat Candi Prambanan, bagian selatan terlihat garis lurus yang merupakan Pantai Selatan serta dapat melihat Gunung Merapi dan Gunung Sindoro.",Taman Hiburan,Yogyakarta,3000,2
28,Bukit Bintang Yogyakarta,"Bukit Bintang merupakan salah satu lokasi nongkrong favorit di Yogyakarta. Saat malam tiba, pemandangan Yogyakarta sangatlah indah!Terletak di perbatasan Bantul dan Gunungkidul, siapa pun yang berkunjung ke kawasan ini dapat menikmati taburan gemintang di langit malam serta kerlip benderang lampu kota dari ketinggian.Kota ini memiliki Bukit Bintang yang selalu ramai dipadati kawula muda untuk menikmati keindahan malam. Bukit Bintang menjadi tempat yang sempurna untuk menikmati senja hingga malam tiba.",Taman Hiburan,Yogyakarta,25000,2
29,Gedung Agung Yogyakarta,"Istana Yogyakarta yang dikenal dengan nama Gedung Agung (bahasa Jawa: ꦒꦼꦝꦺꦴꦁ​ꦄꦒꦼꦁ, translit. Gedhong Ageng) terletak di pusat keramaian kota, tepatnya di ujung selatan Jalan Ahmad Yani dahulu dikenal dengan Jalan Margomulyo. Kawasan istana terletak di Kelurahan Ngupasan, Kecamatan Gondomanan, Kota Yogyakarta, dan berada pada ketinggian 120 m dari permukaan laut. Kompleks istana ini menempati lahan seluas 43.585 m².",Budaya,Yogyakarta,0,3
30,The Lost World Castle,"The Lost World Castle merupakan salah satu objek wisata di kawasan lereng Gunung Merapi yang terletak di Dusun Petung, Desa Kepuharjo Cangkringan, Sleman, Daerah Istimewa Yogyakarta, Indonesia. Objek wisata ini dibangun menyerupai Benteng Takeshi dan dibangun di atas lahan 1,3 hektare pada tahun 2016.Pengunjung yang ingin memasuki kawasan The Lost World Castle akan dikenakan biaya sebesar Rp 25.000 tiap orang dan belum termasuk biaya parkir. Biaya parkir mobil sebesar Rp5.000,00, sementara biaya parkir untuk sepeda motor sebesar Rp2.000,00.",Taman Hiburan,Yogyakarta,30000,1
31,Monumen Sanapati,"Monumen Sanapati dibangun untuk memeringati 50 tahun persandian Indonesia di Yogyakarta. Persandian di Yogyakarta memiliki andil yang besar dalam mempertahankan kemerdekaan Negara Indonesia. Tercatat pada peristiwa Serangan Umum 1 Maret 1949, sandi buatan Roebiono masih digunakan untuk menyebarkan pesan pada dunia bahwa Indonesia masih ada dan masih bisa melawan. Selanjutnya, peristiwa tersebut dikenal dengan Peristiwa 6 jam di Yogyakarta. Monumen Sanapati terletak di kawasan Kotabaru, tepatnya di tengah persimpangan Jalan Abu Bakar Ali, di taman depan Gereja Santo Antonius. Bangunan Monumen Sanapati berbentuk segitiga berujung lancip menyerupai piramida dengan tinggi 3 meter dan lebar 2,5 meter. Monumen tersebut didesain oleh Drs Kasman dan diresmikan oleh Menteri Sekretaris Negara Republik Indonesia saat itu, Moerdiono, pada 4 April 1996, tepat pada Hari Persandian Indonesia. Pembangunan monument membutuhkan waktu satu bulan dan memakan biaya sebesar 25 juta rupiah.",Budaya,Yogyakarta,15000,1
32,Jurang Tembelan Kanigoro,"Jurang Tembelan Kanigoro berada di Desa Wisata Mangunan, Dlingo, Bantul. Familiar dengan Desa Mangunan, bukan? Kawasan ini memang memiliki tempat wisata bagus yang murah. Termasuk Jurang Tembelan Kanigoro yang berada tidak jauh dari Kebun Buah Mangunan atau Bukit Panguk Kediwung. Dari Jogja, arahkan kendaraan menuju Jalan Imogiri Timur, setelah sampai di pertigaan dekat Pasar Imogiri ikuti arah menuju Mangunan. Untuk menuju ke sana, cek terlebih dahulu kondisi kendaraan. Jalanan yang naik turun serta tikungan tajam, harus diwaspadai. Bagi yang menggunakan kendaraan besar seperti bus, diharapkan memutar melewati Bukit Bintang Gunung Kidul. Selain itu, selalu berhati-hati dan tetap fokus selama berkendara.",Taman Hiburan,Yogyakarta,2500,2
33,The World Landmarks - Merapi Park Yogyakarta,"Merapi Park merupakan salah satu tempat wisata di Yogyakarta yang terletak di Jalan Kaliurang km 22, Hargobinangun, Kecamatan Pakem, Kabupaten Sleman. Pengoperasian Merapi Park dimulai sejak tanggal 25 Juni 2017. Fasilitas yang tersedia meliputi tempat pengambilan foto",Taman Hiburan,Yogyakarta,22000,1
34,Museum Sonobudoyo Unit I,"Museum Sonobudoyo adalah museum dan perpustakaan sejarah dan budaya Jawa di Yogyakarta, Indonesia. Museum ini berisi koleksi artefak Jawa terlengkap, setelah Museum Nasional di Jakarta. Selain keramik era Neolitikum dan patung perunggu abad ke-8, museum ini juga menyimpan koleksi wayang, berbagai senjata kuno (seperti keris), dan topeng Jawa. Museum Sonobudoyo terdiri dari dua unit, Unit I terletak di Jalan Trikora No. 6 Yogyakarta, dan Unit II terletak di Ndalem Condrokiranan, Wijilan, di sebelah timur alun-alun utama (utara) kota.",Budaya,Yogyakarta,5000,3
35,Lava Bantal,"Wilayah DIY menawarkan sejumlah potensi wisata, terlebih pariwisata berbasis sungai. Salah satunya yang kini menjadi salah satu favorut wisatawan adalah Lava Bantal yang berada di Kecamatan Berbah, Kabupaten Sleman. Sesuai namanya, objek wisata ini menawarkan batuan yang diduga berasal dari lava pijar dari gunung api bawah laut yang mengering selama kurun waktu ratusan tahun lalu. Terhampar di Sungai Opak, batuan tersebut menjadi pemandangan unik yang mampu menyita perhatian para pelancong. Konon keberadaan Lava Bantal berkontribusi besar terhadap terbentuknya Pulau Jawa. Fenomena alam seperti yang terjadi di Lava Bantal ini sangat jarang terjadi. Di Pulau Jawa fenomena sejenis hanya bisa ditemukan di Karangsambung (Kebumen), Ciletuh (Jawa Barat), dan di Berbah (DIY). Dengan latar belakang sejarah geologi yang panjang, sejak 2 Oktober 2014 silam pemerintah telah menetapkan objek wisata ini sebagai geo heritage. Artinya, semua keunikan geologis yang ada di objek wisata tersebut tergolong sebagai objek yang dilindungi oleh pemerintah.",Budaya,Yogyakarta,5000,2
36,Bukit Panguk Kediwung,"Bukit Panguk Kediwung adalah salah satu obyek wisata yang menawarkan pemandangan alam dari ketinggian. Jika dibandingkan dengan obyek wisata perbukitan lain di Bantul memang Bukit Panguk Kediwung termasuk baru karena dibuka pada tahun 2016. Namun jangan salah, lokasi ini sudah mencuri hati banyak pengunjung dari dalam maupun luar kota. Bukit Panguk Kediwung berlokasi di Kediwung, Mangunan, Dlingo, Bantul, Yogyakarta. Jangan khawatir untuk tersesat karena di sepanjang jalan menuju ke lokasi kita akan melihat beberapa papan petunjuk. Kurang lebih berjarak 20 km dari pusat Kota Yogyakarta. Dari pusat Kota Yogyakarta anda bisa bergerak menuju ke selatan tepatnya ke arah Jalan Imogiri Timur, ikuti jalan hingga menemukan Pasar Imogiri, lalu belok kiri dan lanjutkan perjalanan menuju ke arah Dlingo, dari sana anda akan mulai melihat petunjuk jalan menuju Bukit Panguk Kediwung. Akses jalan menuju Bukit Panguk Kediwung sudah diaspal halus hanya saja konturnya sedikit naik turun namun masih dalam kategori aman. Sangat disarankan untuk menggunakan kendaraan pribadi karena akses ke sini menggunakan kendaraan umum cukup sulit.",Budaya,Yogyakarta,250000,2
37,Candi Prambanan,"Candi Prambanan atau Candi Roro Jonggrang (bahasa Jawa: ꦕꦤ꧀ꦝꦶ​ꦥꦿꦩ꧀ꦧꦤꦤ꧀, translit. Candhi Prambanan) adalah kompleks candi Hindu terbesar di Indonesia yang dibangun pada abad ke-9 masehi. Candi ini dipersembahkan untuk Trimurti, tiga dewa utama Hindu yaitu Brahma sebagai dewa pencipta, Wisnu sebagai dewa pemelihara, dan Siwa sebagai dewa pemusnah. Berdasarkan prasasti Siwagrha nama asli kompleks candi ini adalah Siwagrha (bahasa Sanskerta yang bermakna 'Rumah Siwa'), dan memang di garbagriha (ruang utama) candi ini bersemayam arca Siwa Mahadewa setinggi tiga meter yang menujukkan bahwa di candi ini dewa Siwa lebih diutamakan.\nKompleks percandian Candi Prambanan secara keseluruhan berada di wilayah provinsi Daerah Istimewa Yogyakarta, namun pintu administrasinya berada di Daerah Istimewa Surakarta (sekarang bagian Provinsi Jawa Tengah), hal ini yang membuat Candi Prambanan terletak di 2 tempat yakni di Desa Bokoharjo, Kecamatan Prambanan, Kabupaten Sleman, dan di Desa Tlogo, Kecamatan Prambanan, Kabupaten Klaten, atau kurang lebih 17 kilometer timur laut Yogyakarta, 50 kilometer barat daya Surakarta dan 120 kilometer selatan Semarang, persis di perbatasan antara Daerah Istimewa Yogyakarta dan Daerah Istimewa Surakarta.Candi ini adalah termasuk Situs Warisan Dunia UNESCO, candi Hindu terbesar di Indonesia, sekaligus salah satu candi terindah di Asia Tenggara. Arsitektur bangunan ini berbentuk tinggi dan ramping sesuai dengan arsitektur Hindu pada umumnya dengan candi Siwa sebagai candi utama memiliki ketinggian mencapai 47 meter menjulang di tengah kompleks gugusan candi-candi yang lebih kecil. Sebagai salah satu candi termegah di Asia Tenggara, candi Prambanan menjadi daya tarik kunjungan wisatawan dari seluruh dunia.Menurut prasasti Siwagrha, candi ini mulai dibangun pada sekitar tahun 850 masehi oleh Rakai Pikatan, dan terus dikembangkan dan diperluas oleh Balitung Maha Sambu, pada masa kerajaan Medang Mataram.",Budaya,Yogyakarta,50000,3
38,Watu Goyang,"Watu Goyang ini berasal dari Bahasa Jawa yang berarti Batu yang bergoyang. Dulunya di tempat ini terdapat batu yang berada di puncak yang bias bergoyang ketika disentuh maupun didorong. Batu tersebut sudah ada sejak ratuhan tahun yang lalu. Para pengelola menjelaskan bahwa Watu Goyang ini tidak pernah roboh walaupun disetuh bahkan di panjat, tetapi pihak pengelola melarang kesar untuk pengunjung yang mencoba menaiki Watu Goyang tersebut karena akan sangat berbahaya bagi keselamatan. Keunikan dari batu raksasa itu adalah stukturnya yang memuat tonjolan-tonjolan yang unik. Pemandangan alam yang masih hijau dan gunung merapi terlihat sangat alami, sangat cocok bagi para pengunjung untuk menghilangkan rasa bosan dengan aktivitas sehari-hari di perkotaan. Berada di puncak ini pengunjung akan merasakan sejuknya suhu udara, terutama pada pagi hari. Dan ketika di siang hari, meskipun cuaca sedang panas, maka hembusan angin yang menyapa terasa segar dan nyaman.",Budaya,Yogyakarta,2500,2
39,Kampung Wisata Rejowinangun,"Kampung wisata Rejowinangun terletak di Kelurahan rejowinangun, Kecamatan Kotagede, Kota Yogyakarta tepatnya sebelah selatan Kebun binatang Gembiraloka. Kampung wisata ini telah dirintis sejak tahun 2010 dan dengan kerjasama seluruh elemen masyarakat, pada tanggal 04 Oktober 2013 oleh Kepala dinas Pariwisata Kota Yogyakarta, Kampung Wisata Rejowinangun diresmikan. Kelurahan Rejowinangun merupakan satu kelurahan dari tiga kelurahan yang ada di Kecamatan Kotagede, sebuah kecamatan diujung timur Kota Yogyakarta yang terkenal dengan perak dan bekas kerajaan Mataram. Kelurahan Rejowinangun memiliki banyak potensi yang jika dikembangkan sungguh akan sangat luar biasa, meskpun saat ini yang terkenal baru Kebun Raya Kebun Binatang (KRKB) Gembiraloka yang lokasinya berada di wilayah Kelurahan Rejowinangun. Dengan adanya tempat wisata KRKB Gembiraloka di wilayah ini, berusaha mengembangkan wilayah kelurahan dengan potensi yang ada sehingga wisatawan selain mengunjungi Gembiraloka bisa singgah di kampung wisata ini.",Budaya,Yogyakarta,0,1
40,Kauman Pakualaman Yogyakarta,"Pakualaman adalah sebuah kecamatan di Kota Yogyakarta, Provinsi Daerah Istimewa Yogyakarta, Indonesia. Kecamatan ini terletak di antara Sungai Code dan Sungai Manunggal. Nama 'Pakualaman' diambil dari Puro Paku Alaman, kediaman resmi Sri Paduka Pakualam yang terletak tepat di tengah-tengah kecamatan ini. Sebelumnya, Pakualaman bukan bagian kota Yogyakarta, melainkan Kabupaten Kota Pakualaman, yang dihapus setelah terbentuknya Pemerintah Kota Yogyakarta pada 1947.",Budaya,Yogyakarta,0,4
41,Alun-alun Utara Keraton Yogyakarta,Alun-alun utara atau dalam Bahasa Jawa disebut Alun-alun Lor merupakan salah satu land mark Kota Yogyakarta yang berupa sebuah tanah lapang yang berada di depan Keraton Yogyakarta. Disebut Alun-alun Lor karena di Kota Yogyakarta terdapat dua alun-alun yang letaknya di sebelah selatan dan utara dari Keraton Yogyakarta. Alun-alun Lor berbentuk persegi dengan luas 150 x 150 meter dengan dua pohon beringin besar berpagar yang berada di tengah alun-alun. Dua Pohon Beringin Besar itu masing-masing diberi nama Kyai Dewandaru dan Kyai Wijayandaru. Pada masa lalu di sekeliling Alun-alun Lor ditanam 63 Pohon Beringin yang melambangkan umur Nabi Muhammad SAW.,Budaya,Yogyakarta,0,3
42,Pantai Goa Cemara,"Pantai Goa Cemara (bahasa Jawa: ꦥꦱꦶꦱꦶꦂ​ ꦒꦸꦮ​ ꦕꦺꦩꦫ, translit. Pasisir Guwa Cemara​) adalah objek wisata pantai yang terletak di Dusun Patihan, Desa Gadingsari, Kecamatan Sanden, Kabupaten Bantul. Daerah Istimewa Yogyakarta. Pantai ini terletak tepatnya berdampingan dengan Pantai Samas dan Pantai Pandansari.\n\nPantai ini memiliki pasir berwarna hitam tapi lembut dengan ombak yang cukup besar kerakteristik pantai selatan. Pantai ini merupakan pantai pengembangan baru dimana terdapat banyak pohong Cemara udang rindang membentuk seperti goa, hal ini yang membuat pantai ini dinamai Goa Cemara. Pohon Cemara ini bertujuan untuk melindungi abrasi air laut dan menahan gumuk pasir supaya tidak mengalamai perpindahan akibat tiupan angin.",Bahari,Yogyakarta,4000,1
43,Blue Lagoon Jogja,"Blue Lagoon adalah salah satu wisata air Jogja yang sudah sangat terkenal dan banyak dikunjungi oleh wisatawan dari berbagai daerah penjuru. Banyak yang menganggap bahwa Blue Lagoon sebagai surga wisata Jogja tersembunyi. Meskipun keindahan yang ditawarkan oleh tempat ini sangat mahal, namun untuk bisa menikmatinya kamu tidak perlu merogoh kocek dalam2. Karena budget untuk masuk ke area wisata ini tidak semahal yang ada di Islandia.",Taman Hiburan,Yogyakarta,10000,1
44,Gumuk Pasir Parangkusumo,"Gumuk Pasir Parangkusumo (bahasa Jawa: ꦒꦸꦩꦸꦏ꧀​ꦥꦱꦶꦂ​ꦥꦫꦁ​ꦏꦸꦱꦸꦩ, translit. Gumuk Pasir Parangkusuma) adalah objek wisata di Kabupaten Bantul, Yogyakarta, letaknya di sebelah barat Pantai Parangtritis, yaitu di Desa Parangtritis, Kecamatan Kretek, Kabupaten Bantul, Daerah Istimewa Yogyakarta. Gumuk Pasir ini memiliki sejumlah keistimewaan terkait dengan jumlahnya hanya terbatas di dunia.\nNama ""Gumuk"" berasal dari bahasa Jawa yang artinya gundukan-gundukan pasir yang terhampar luas. Gumuk Pasir Yogyakarta terbentuk dari material Gunung Merapi yang kemudian mengalami transportasi melalui Sungai Opak dan Sungai Progo yang kemudian terbawa ombak dan mengendap di pantai. Material yang mengendap kemudian mengering dan terbawa angin lalu terbang kedaratan sehingga mengalami proses deposisi menjadi Gumuk Pasir.",Taman Hiburan,Yogyakarta,0,2
45,Bukit Lintang Sewu,"Bukit Lintang Sewu ini berasal ketika pada saat malam hari di bukit ini terlihat ribuan bintang – bintang yang membentang luas di angkasa. Dalam bahasa Jawa Bukit Seribu Bintang adalah Bukit Lintang Sewu (lintang: bintang, sewu: seribu). Pemandangan alam yang tidak kalah mempesona membuat Bukit Langit Sewu ini menjadi tempat favorit bagi pecinta alam. Pada saat menuju bukit, pengunjung akan disuguhkan dengan pepohonan pinus, tetapi saat sampai pengunjung akan disuguhkan panorama hutan Kayu Putih yang menjadi keunikan tempat wisata ini. Diatas pohon Kayu Putih ini juga terdapat Burung Alap-alap yang melintas diatas pohonnya. Selain itu pengunjung juga akan dimanjakan dengan deretan pegunungan seperti Gunung merbabu, Gunung Sumbing, Menoreh, dan Gunung Merapi.",Taman Hiburan,Yogyakarta,2000,2
46,Studio Alam Gamplong,"Studio Gamplong atau Studio Alam Gamplong adalah sebuah tempat wisata yang terletak di Desa Gamplong, Kecamatan Moyudan, Kabupaten Sleman. Tempat tersebut awalnya adalah tempat pengambilan gambar film Sultan Agung: Tahta, Perjuangan, Cinta dan Bumi Manusia karya Hanung Bramantyo. Tempat tersebut didirikan di atas lahan seluas 2,5 hektar. Tempat tersebut diresmikan oleh Presiden Joko Widodo pada 15 Juli 2018.",Taman Hiburan,Yogyakarta,10000,2
47,Watu Lumbung,"Letak Kampung Edukasi Watu Lumbung yang berada di area perbukitan dipenuhi rerimbunan pohon jati, membuat pemandadangan dari tempat ini sangat indah sekali. Watu Lumbung dikonsep oleh M Boy Rifai sebagai tempat yang mengajarkan nilai-nilai edukasi, di mana Boy Rifai telah berhasil menyulap lahan tandus yang dulunya dibiarkan saja, kini menjadi tempat eksotis untuk menikmati malam maupun melihat sunset dan sunrise. Untuk menjaga keasrian di daerah sekitar tempat wisata pengelolah sengaja membangun area ini sebagai kawasan wisata yang selaras dengan alam.",Cagar Alam,Yogyakarta,5000,1
48,Air Terjun Kedung Pedut,"Air Terjun Kedung Pedut atau biasa disebut Curug Kedung Pedut berasal dari istilah bahasa Jawa. Curug yang berarti air terjun, kedung berarti kubangan atau kolam, dan pedut berarti kabut. Air Terjun Kedung Pedut merupakan salah satu wisata alam yang di Kulonprogo yang dikenal karena keindahan warna airnya.",Cagar Alam,Yogyakarta,20000,2
49,Puncak Kebun Buah Mangunan,"Berlibur di pegunungan memang menyenangkan. Dapat menikmati sejuknya udara serta pemandangan indah dari atas perbukitan. Wisata seperti ini dapat dinikmati di Bantul, tepatnya di Kebun Buah Mangunan. Beruntungnya Jogja dikaruniai bentang alam yang begitu indah. Ada pantai, gunung, bukit, serta kota dan budaya yang sangat menarik. Kebun Buah Mangunan hadir sebagai objek wisata yang begitu menarik minat wisatawan. Apalagi di pagi hari, pemandangannya tak ubahnya seperti negeri di atas awan.",Taman Hiburan,Yogyakarta,5000,3
50,Desa Wisata Gamplong,"Desa Wisata Gamplong adalah desa wisata kerajinan tenun yang berada di Padukuhan Gamplong Desa Sumber Rahayu Kecamatan Moyudan Kabupaten Sleman, Yogyakarta. Desa wisata yang terletak di sebelah barat Kota Yogyakarta ini cukup menarik untuk disinggahi wisatawan terlebih karena masih adanya industri kerajinan tenun tradisional dengan menggunakan Alat Tenun Bukan Mesin (ATBM). Dengan ATBM, masyarakat perajin Gamplong mampu menghasilkan kain tenun sebagai bahan stagen (kain panjang untuk melilit bagian perut wanita). Selain kerajinan tenun, perajin juga mampu memproduksi kerajinan anyaman untuk suvenir.",Taman Hiburan,Yogyakarta,10000,2
51,Kawasan Wisata Sosrowijayan,"Tempat wisata Sosrowijayan memang selama ini dikenal sebagai Wisata Kampung bule, lokasinya sendiri berada di pusat kota Yogyakarta sehingga hampir tiap hari di lokasi ini banyak sekali pengunjungnya yang sangat padat. Bagi Anda yang ingin berkunjung ke sini, harus menggunakan kendaraan karena dari arah stasiun Tugu Anda tinggal berjalan selama 200 meter selanjutnya anda pun akan langsung menemukan daerah Sosrowijayan yang mempunyai tanda yaitu Sebuah Jalan Kecil menuju Barat dengan nama yang sama. Wisata unik sosrowijayan menjadi membagi dua daerah yaitu Sosrowijayan Wetan dan Sosrowijayan Kulon dan menjadi penghubung jalan Jogonegaran dan Jalan Malioboro. Akan tetapi untuk Sosrowijayan Wetan yang saat ini langsung terkenal sampai ke penjuru dunia dan dikenal sebagai Kampung turis kedua di Yogyakarta setelah Prawirotaman. Karena disebut Kampung bule maka disini pun anda akan melihat banyak sekali turis dari mancanegara yang menikmati suasana malam di Yogyakarta. Anda pun bisa melihat dua buah busuk seperti yang ada di daerah Prawirotaman ketika memasuki dan pertama. Di daerah ini banyak sekali buku yang dijual seperti novel berbahasa Inggris, buku kecil berbahasa Indonesia, dan beberapa buku yang berkualitas dan pastinya akan memberikan pendidikan bagi para pembacanya.",Pusat Perbelanjaan,Yogyakarta,0,0
52,Grojogan Watu Purbo Bangunrejo,"Objek wisata itu tak adalah Grojogan Watu Purbo yang berada di Bangunrejo, Merdikorejo, Kecamatan Tempel. Objek wisata itu sekitar setahun terakhir cukup populer di kalangan wisatawan karena memiliki pemandangan eksotis berupa air terjun yang memiliki enam tingkatan. Wisatawan yang datang rata-rata menjadikan air terjun itu sebagai latar untuk swafoto karena pemandangannya yang dinilai instagramable. Grojokan Watu Purbo ini tepatnya berlokasi di aliran Kali Krisak, yang merupakan jalur dari lahar dingin yang mengalir dari Gunung Merapi. Pemandangan kawasan ini eksotis karena dikepung pepohonan asri serta hamparan sawah. Munculnya air terjun atau grojogan ini berasal dari enam dam dengan ketinggian bervariasi tak lebih dari 10 meter.",Taman Hiburan,Yogyakarta,10000,2
53,Wisata Alam Kalibiru,"Kalibiru sebenarnya adalah sebuah nama hutan yang saat ini diolah menjadi sebuah tempat wisata alam. Hutan Kalibiru memiliki ketinggian 450 mdpl dan berupa kawasan perbukitan yang subur. Suhu udara di tempat ini sangat sejuk. Kalibiru dikelola oleh pemerintah dan masyarakat setempat sebagai wisata alam dan edukasi. Ada banyak hal yang bisa didapatkan di sana, termasuk outbond, penginapan, dan beberapa spot untuk mencari foto kekinian. Ada juga jalur trekking yang juga bisa dijadikan lokasi camping.",Cagar Alam,Yogyakarta,20000,2
54,Jogja Exotarium,"Di Yogyakarta, tepatnya di Sleman, ada satu tempat wisata edukasi yang patut dikunjungi. Namanya adalah Jogja Exotarium — terdengar unik, kan? Namun sebenarnya, tempat ini merupakan taman hewan berskala kecil. Koleksi hewannya beragam dan bisa diajak berinteraksi secara langsung",Taman Hiburan,Yogyakarta,20000,2
55,Puncak Gunung Api Purba - Nglanggeran,"Gunung Nglanggeran adalah sebuah gunung di Daerah Istimewa Yogyakarta, Indonesia. Gunung ini merupakan suatu gunung api purba yang terbentuk sekitar 0,6-70 juta tahun yang lalu atau yang memiliki umur tersier (Oligo-Miosen). Gunung Nglanggeran memiliki batuan yang sangat khas karena didominasi oleh aglomerat dan breksi gunung api. Gunung ini terletak di Desa Nglanggeran, Kecamatan Patuk, Kabupaten Gunung Kidul yang berada pada deretan Pegunungan Baturagung.",Cagar Alam,Yogyakarta,10000,3
56,Bendung Lepen,"Bendung Lepen sendiri dulunya merupakan saluran irigasi yang tidak sebersih sekarang ini. Sebelumnya, tempat ini merupakan saluran irigasi yang kumuh disertai taman desa yang tak terurus. Namun, kesadaran para pemuda akan kebersihan lingkungan mengubah kali (sungai/lepen) yang semula begitu kotor menjadi tempat wisata yang disenangi banyak orang. Bendung Lepen sekarang menjadi indah dan dipenuhi ikan nila dan gurame. Jika dulunya hanya menjadi taman wisata yang tidak terurus dan kumuh, sekarang ini Bendung Lepen menjadi destinasi wisata yang nyaman dikunjungi bersama keluarga. Bahkan di kala pandemi COVID-19 ini, Bendung Lepen tidak kekurangan peminat. Masih banyak anak-anak yang menikmati senja dengan riang sambil memberi makan ikan di kali. Tentunya ditemani oleh orang tuanya yang juga bisa mencuci mata melihat aliran air yang jernih dengan ikan warna-warni yang berenang di kali. Selain itu, banyak juga anak muda yang duduk-duduk di taman sembari menikmati udara sore yang sejuk ditemani segelas es teh.",Taman Hiburan,Yogyakarta,0,3
57,Bunker Kaliadem Merapi,"Bunker Kaliadem merupakan objek wisata yang terletak di lereng selatan Gunung Merapi. Destinasi wisata ini banyak menyimpan jejak erupsi gunung tersebut, terutama tahun 2006 dan 2010. Lokasi fenomenal tersebut berada di ketinggian lebih dari 2.000 meter di atas permukaan laut. Berada di Kabupaten Sleman, wisatawan diajak menyaksikan kegagahan Merapi dari jarak lima kilometer. Kawasan ini memadukan sejarah, keindahaan serta keunikan alam gunung merapi dengan fenomena vulkaniknya.",Cagar Alam,Yogyakarta,3000,2
58,Ledok Sambi,"Desa wisata Ledok Sambi merupakan desa yang mempunyai nuansa alami asli Jogja, yang berlokasi dekat dengan Gunung Merapi atau berada di Jl. Kaliurang Km. 19,2 Padukuhan Sambi Desa Pakembinangun Kec. Pakem Kabupaten Sleman Daerah Istimewa Yogyakarta. Pemandangan alam yang indah dapat memberikan kesejukan, kesegaran dan ketentraman hati. Sepanjang mata memandang di Desa wisata ini anda akan disuguhkan bentangan luasnya persawahan yang alami dan asri dan juga pepohonan yang hijau nan rindang serta kejernihan air yang dimiliki wilayah Desa Wisata Ledok Sambi. Rumah-rumah Tradisional khas Jogja yang luas dijadikan sebagai tempat bermain sambil menikmati udara sejuk yang menenangkan hati jiwa dan pikiran.",Cagar Alam,Yogyakarta,0,3
59,Seribu Batu Songgo Langit,"Nama Seribu Batu Songgo Langit memiliki makna tersendiri. Sebelum jadi tempat wisata, di lokasi ini terdapat ratusan bahkan ribuan batu dan pastinya hutan pinus. Songgo langit berarti penyangga langit, hal ini dikarenakan di Seribu Baru Songgo Langit terdapat bukit yang seakan akan merupakan tiang dari langit .Seribu Batu Songgo Langit merupakan tempat wisata di kawasan Dlingo yang menawarkan berbagai macam atraksi wisata, namun kebanyakan adalah spot foto. Spot foto di Seribu Batu hampir semuanya anti mainstream. Anda akan menemui beberapa spot foto dalam empat bagian di tempat wisata ini. Memasuki gerbang Seribu Batu Songgo Langit anda diharuskan untuk menuruni tangga yang terbuat dari kayu untuk mencapai spot pertama. Spot pertama ini menawarkan rumah dongeng seribu kayu. Spot ini berbentuk rumah kecil-kecil yang menyerupai rumah kurcaci dalam dongeng. Terdapat tujuh buah rumah kurcaci yang ditata secara mengerucut sehingga akan menciptakan angle foto yang bagus.",Cagar Alam,Yogyakarta,2000,3
60,Goa Jomblang,"Gua Jomblang merupakan gua vertikal yang bertipe collapse doline. Gua ini terbentuk akibat proses geologi amblasnya tanah beserta vegetasi yang ada di atasnya ke dasar bumi yang terjadi ribuan tahun lalu. Runtuhan ini membentuk sinkhole atau sumuran yang dalam bahasa Jawa dikenal dengan istilah luweng. Itulah yang membuat unik karena di dalam gua terdapat luas mulut gua sekitar 50 meter ini sering disebut dengan nama Luweng Jomblang. Gua Jomblang terletak di Kabupaten Gunungkidul, DI Yogyakarta.\nSaat ini Gua Jomblang merupakan tempat konservasi tumbuhan purba dan dikembangkan menjadi tempat wisata minat khusus yang mana dikelola oleh penduduk atau warga setempat. Untuk menuruni gua vertikal ini pihak pengelola sudah menyediakan perlengkapan lengkap sesuai standar keselamatan caving di gua vertikal.\nSinar matahari yang menerobos masuk dari Luweng Grubug setinggi 90 meter membentuk satu tiang cahaya, menyinari flowstone yang indah serta kedalaman gua yang gelap gulita. Air yang menetes dari ketinggian turut mempercantik pemandangan. Tidak salah\njika banyak orang terkagum-kagum datang ke sini ketika menyaksikan lukisan alam yang dikenal dengan istilah ""cahaya surga"".",Cagar Alam,Yogyakarta,500000,3
61,Desa Wisata Rumah Domes/Teletubbies,"Kawasan desa teletubbies menjadi perhatian menarik berbagai media, sehingga menjadikan para wisatawan mulai berbondong-bondong datang kesana. Hingga sekarang kawasan ini menjadi objek wisata unik jogja yang menarik dikunjungi. Bagi kawan-kawan datawisata yang sedang berlibur atau berdomisili di Yogyakarta dan sekitar, coba deh rasakan sensasi wisata unik ini, setidaknya bisa dijadikan koleksi foto yang mengusung spot-spot kece instagenic. Mulanya objek wisata Rumah Domes merupakan bentuk bantuan dari NGO, kala itu Yogyakarta terkena musibah bencana alam gempa bumi. Di desa Nglepen setidaknya ada 80 bangunan mengusung desain rumah dome lengkap beserta fasilitas seperti warung makan, toilet umum, area parkir, tempat ibadah, rumah kesehatan dan balai desa yang kerap dimanfaatkan ketika ada hajatan atau acara budaya. Desa wisata Sumberharjo ini memiliki luas kurang lebih 2 hektar serta bangunan dibangun sejak tahun 2006. Selain disebut desa teletubbies, pemukiman disana juga sering disebut New Nglepen.",Taman Hiburan,Yogyakarta,5000,0
62,Bukit Wisata Pulepayung,"Pule Payung Yogyakarta. Sebuah objek wisata populer yang menyajikan keindahan alam dari ketinggian 500 mdpl. Bukit Wisata Pule Payung Yogyakarta merupakan kawasan wisata yang dipenuhi dengan kreativitas yang tinggi, merubah zona biasa menjadi luar biasa. Daya tarik yang pertama dari Pule Payung Yogyakarta adalah objek wisata yang menyajikan pesona alam pegunungan. Sehingga, orang-orang menyebutnya dengan Bukit Wisata. Ketinggian Pule Payung Yogyakarta sekitar 500 mdpl, serta jalan menuju Pule Payung Yogyakarta dapat ditempuh dengan kendaraan roda dua, maupun roda empat. Pesona keindahan Waduk Sermo dapat terlihat jelas saat berada di Pule Payung. Waduk eksotis yang dikelilingi pegunungan yang masih asri. Dan Pule Payung Yogyakarta adalah bukit yang notabene sebagai destinasi wisata alam, diberikan sentuhan kreativitas, serta memprioritaskan aspek keamanan di setiap spotnya, akhirnya menjadi wisata favorit di Jogja.",Cagar Alam,Yogyakarta,10000,2
63,Bentara Budaya Yogyakarta (BBY),"Bentara Budaya Yogyakarta adalah pusat budaya yang terletak di Yogyakarta, Indonesia. Bentara Budaya Yogyakarta dibuka pada 26 September 1982, didanai oleh Kompas Gramedia Group. Bentara Budaya Yogyakarta adalah cabang dari Bentara Budaya Jakarta, sebuah lembaga budaya yang dikelola oleh Kompas Gramedia Group yang juga memiliki beberapa pusat budaya di Jakarta, Surakarta (sebagai Balai Soedjatmoko), dan Bali.",Budaya,Yogyakarta,0,2
64,Goa Rancang Kencono,"Goa Rancang Kencono yang terletak di Padukuhan Menggoran, Desa Bleberan, Kecamatan Playen, Gunungkidul, Yogyakarta, merupakan salah satu goa yang yang dihuni manusia prasejarah hingga modern. Diperkirakan goa yang terletak di kawasan air terjun Sri Getuk ini sudah dihuni sejak 3000 tahun lalu. Dari buku Ragam Warisan Budaya dan Cagar Budaya Gunungkidul yang ditulis oleh Winarsih (Kepala Seksi Kepurbakalaan dan Permuseuman, Bidang Pelestarian Warisan dan Nilai Budaya, Dinas Kebudayaan Gunungkidul), Arkeologi UGM Yogyakarta pada tahun 2001 sudah pernah melakukan penelitian tersebut. Goa Rancang Kencono sudah dihuni manusia sejak 3000 tahun yang lalu dengan bukti temuan tulang manusia.",Cagar Alam,Yogyakarta,5000,1
65,Goa Cerme,"Gua Cerme (bahasa Jawa: ꦒꦸꦮ​ꦕꦺꦂꦩꦺ, translit. Gua Cerme) adalah gua bersejarah dan sekaligus tempat wisata yang terletak di Dusun Srunggo, Desa Selopamioro, Kecamatan Imogiri, Kabupaten Bantul atau sekitar 20 km selatan Kota Yogyakarta. Gua Cerme memiliki panjang 1,5 km yang tembus hingga sendang di wilayah Panggang, yaitu di Dusun Ploso, Desa Giritirto, Kecamatan Purwosari, Kabupaten Gunungkidul.\nDi samping gua Cerme, di sekitarnya terdapat gua lain yang lebih kecil seperti Goa Dalang, Goa Ledek, Goa Badut dan Goa Kaum yang sering digunakan untuk bersemedi. Untuk mencapai gua, terdapat tangga setinggi 759 m. Kata cerme berasal dari kata ceramah yang mengisyaratkan pembicaraan yang dilakukan walisongo. Gua Cerme dulunya digunakan oleh para Walisongo untuk menyebarkan agama Islam di Jawa. Selain itu, Gua Cerme juga digunakan untuk membahas rencana pendirian Masjid Agung Demak. Setiap Senin atau Selasa wage, selalu diadakan upacara syukuran untuk meminta berkah kepada Tuhan.",Cagar Alam,Yogyakarta,3000,2
66,Wisata Kraton Jogja,"Kraton Jogja adalah sebuah komplek kerajaan yang berada tepat berdiri di tengah kota Yogyakarta. Kraton yang didirikan seiring perjanjian giyanti pada tahun 1755 yang memecah Kerajaan Mataram Islam menjadi Kerajaan Ngayogyakarta Surakarta ini menyimpan keindahan arsitektur jawa yang tidak diragukan lagi, dan merupakan salah komplek istana terbaik di tanah jawa. Keindahan Kraton Jogja ini tidak terlepas dari pendirinya, yaitu Sri Sultan Hamengkubuwono I yang merupakan arsitek dari kerajaannya ini. Apabila anda sedang wisata ke Kraton Jogja maka apabila anda dari Jalan Malioboro pertama anda akan disambut oleh Gapura Pangurakan yang berasitrektur jawa kental yang bersebelahan dengan bangunan-bangunan Hindia Belanda. Setelah memasukinya anda akan memasuki Alun-alun Utara yang memiliki area yang cukup luas. Di sekelilingnya terdapat Joglo-joglo tertutup yang disebut Gedhong dan terbuka yang dinamakan Tratag. Di area ini terdapat beberapa pilihan kuliner yang sangat pas anda kunjungi sebelum anda memasuki kompleks Kraton Yogyakarta, sehingga anda tidak merasa kelaparan.",Budaya,Yogyakarta,7000,3
67,Desa Wisata Kelor,"Desa wisata Kelor merupakan salah satu desa yang ada di kabupaten Sleman yang saat ini sedang dikembangkan menjadi desa wisata. Desa wisata Kelor ini menawarkan suasana pedesaan yang penduduknya bermata pencaharian sebagai petani, peternak, dan budidaya jamur. Banyak tanaman hijau yang membentang luas dengan pemandangan alam yang asri. Desa wisata Kelor ini memiliki masyarakat yang ramah dan memiliki lingkungan desa yang sangat nyaman. Desa Kelor ini juga memiliki sungai, dan air di sungai tersebut masih jernih dan indah.",Taman Hiburan,Yogyakarta,0,2
68,Pantai Patihan,"Pantai ini terletak di daerah Srigading, Sanden dan cukup dekat dengan Pantai Goa Cemara. Tempatnya juga asyik banget buat foto-foto, nggak beda jauh dengan Pandasari.",Bahari,Yogyakarta,5000,0
69,Pantai Kukup,"Pantai Kukup adalah salah satu pantai yang memiliki hamparan pasir putih yang terkenal di Kabupaten Gunung Kidul, Yogyakarta. Selain memiliki pemandangan pantai yang cantik, pantai ini juga memberikan keunikan tersendiri. Di pantai ini terdapat pulau Karang yang menjadi daya tarik utama bagi para wisatawan lokal atau mancanegara. Karena di pulau Karang ini para wisatawan dapat menikmati keindahan pantai yang sangat menawan. Pantai cantik ini berada di sebelah timurnya Pantai Baron, kurang lebih berjarak sekitar 1 km. Tepatnya berada di Desa Kemadang, Kecamatan Tanjungsari, Kabupaten Gunung Kidul, Yogyakarta. Pantai Kukup ini masih dalam satu barisan dengan Pantai Baron, Pantai Krakal, Pantai Sundak, Pantai Sepanjang dan pantai-pantai lainnya. Jarak dari Kota Jogja ke pantai ini sekitar 40 km sedangkan jarak dari Kota Wonosari sekitar 25 km.",Bahari,Yogyakarta,10000,0
70,Pantai Ngrawe (Mesra),"Kabupaten Gunungkidul jadi salah satu wilayah di Yogyakarta dengan koleksi pantai terbanyak. Tak terhitung jumlah pantai yang ada di sepanjang pesisir selatannya. Ada yang tetap alami, ada juga yang sengaja mendapat sentuhan agar lebih apik. Salah satunya adalah Pantai Ngrawe yang terletak di Kemadang, Gunungkidul. Sebagai pantai wisata, pantai yang juga terkenal dengan Pantai Mesra ini populer berkat kekuatan media sosial. Sementara pantai lainnya menawarkan keindahan alami, Pantai Ngrawe justru menyajikan konsep “taman” yang tidak biasa. Tertarik untuk mencoba berwisata di taman pinggir pantai? Pantai ini bisa jadi pilihan yang tepat!",Bahari,Yogyakarta,10000,2
71,Pantai Ngobaran,"Pantai Ngobaran merupakan salah satu tempat wisata alam yang terletak di gugusan laut pantai selatan tepatnya di Desa Kanigoro, kecamatan Saptosari Kabupaten Gunungkidul Daerah Istimewa Yogyakarta 2 km dari pantai Ngrenehan.\nPantai ini sangat indah jika air surut maka tampaklah kolam kolam kecil yang terbentuk dari karang karang yang tertutp oleh alga (rumput laut yang hijau sebagai bahan baku kosmetik) dan terdapat banyak biota laut lainnya yang mungkin terjebak di kolam karang tersebut. Hal inilah yang menopanng kehidupan nelayan darat yakni para nelayan yang tidak memerlukan kapal atau perahu untuk mendapatkan hasil laut cukup beraktivitas dipinggir pantai. Biota laut yang sering di dapat adalah Lobster, landak laut, kerang-kerangan, bintang laut dan rumput laut itu sendiri tentunya .",Bahari,Yogyakarta,5000,3
72,Pantai Pulang Sawal,"Pantai Pulang Sawal yang ada di Kecamatan Tepus bisa dicoba. Wisatawan lebih akrab dengan nama Indrayanti untuk merujuk pantai ini. Tidak hanya pengunjung lokal, wisatawan mancanegara pun terpikat dengan pesonanya.",Bahari,Yogyakarta,10000,2
73,Pantai Baron,"Pantai Baron adalah salah satu objek wisata berupa pantai yang terletak di Desa Kemadang, Kecamatan Tanjungsari, Kabupaten Gunungkidul. Lokasi Pantai Baron dapat ditempuh 40 km daeri pusat kota Yogyakarta. Asal mula nama Pantai Baron berasal dari nama seorang bangsawan asal Belanda yang bernama Baron Skeber. Bangsawan tersebut pernah mendaratkan kapalnya di pantai selatan tepatnya di pantai yang saat ini terkenal dengan sebutan Pantai Baron. Jalan menuju objek wisata Pantai Baron cukup baik untuk dilalui kendaraan pribadi, sepeda motor dan bus.Objek wisata Pantai Baron merupakan pantai yang membentuk cekungan. Seperti pantai lainnya, di Pantai Baron tersedia aneka ikan laut beserta olahannya. Ikan yang biasanya dijual di Pantai Baron adalah udang windu, kakap, bawal putih dan tongkol. Pantai Baron memiliki fasilitas berupa tempat pelelangan ikan, wahana permainan anak-anak, perahu bermesin, dan toko cenderamata. Buah sirkaya, pisang tanduk, sirsak, dan berbagai macam cenderamata yang terbuat dari kerang laut. Cenderamata berbahan kerang yang banyak dijual di Pantai Baron adalah bros, tirai kerang, lampu hias, cermin berhias karang, figura, dan aneka karakter hewan yang juga terbuat dari kerang laut.Upacara sedekah laut adalah upacara yang masih sering dilakukan oleh masyarakat Gunungkidul. Pantai Baron adalah salah satu tempat untuk menyelenggarakan upacara sedekah laut tersebut. Upacara sedekah laut diselenggarakan setiap tanggal satu Syuro dalam penanggalan Jawa. Upacara sedekah laut dilakukan sebagai ungkapan rasa syukur penduduk setempat atas melimpahnya tangkapan ikan di Pantai Baron. Awalnya, sebagaian besar penduduk di sekitar Pantai Baron bukanlah nelayan melainkan petani yang mengolah kebun. Suatu ketika ada seseorang yang memulai menangkap ikan di pinggiran pantai dan mendapatkan banyak ikan, kemudian banyak penduduk yang mengikuti orang tersebut untuk menangkap ikan. Semakin lama, ikan di pinggir pantai semakin sedikit kemudian penduduk mencoba menangkap ikan ketengah laut menggunakan rakit kayu. Adanya kapal di pantai ini karena suatu ketika terjadi tragedi nelayan yang saat menangkap ikan di tengah laut digigit oleh ikan hiu maka kabar ini pun tersiar di mana-mana dan menjadikan pemerintah menyumbangkan perahu untuk nelayan Pantai Baron.Keunikan Pantai Baron adalah adanya sunga bawah tanah yang mengalir cukup deras ke arah lautan. Sungai bawah tanah tersebut mengalir ke arah laut dan membentuk sebuah sungai. Uniknya sungai bawah tanah yang ada di Pantai Baron adalah rasa airnya yang tawar meskipun berada sangat dekat dengan laut. Pengunjung yang tidak berani bermain dan berenang di laut dapat bermain air dan berenang dialiran sungai bawah tanah tersebut. Pemandangan lain yang ada di Pantai Baron adalah sebuah bukit yang berada di sekitar pantai. Pengunjung dapat menikmati keindahan pantai dari atas bukit tersebut.",Bahari,Yogyakarta,10000,2
74,Pantai Pok Tunggal,"Pantai Pok Tunggal atau biasa disebut ""the hidden paradise"" (surga yang tersembunyi) adalah salah satu objek wisata yang ada di Yogyakarta tepatnya di Desa Tepus, Tepus, Gunung Kidul, Yogyakarta. Jika dihitung dari kota, maka jarak tempuhnya sejauh 80 km atau sekitar 2 jam perjalanan.\nNama Pantai Pok Tunggal diambil karena dipantai tersebut terdapat sebuah pohon duras tua yang berdiri kokoh hingga saat ini. Pantai ini dikelilingi oleh tebing perbukitan karst. Terdapat tebing-tebing karang yang ditumbuhi oleh pepohonan yang lebat dan didalamnya dihuni oleh kera-kera yang jinak. Uniknya, pantai ini memiliki aliran sungai air tawar dibawah tanah yang menjadi sumber kehidupan bagi masyarakat sekitar pantai. Layaknya pantai selatan lainnya, Pantai Pok Tunggal memiliki pasir putih yang halus dan membentang sepanjang pantai. Sampai saat ini Pantai Pok Tunggal masih terjaga kebersihan dan kealamiannya.\nPantai ini sangat ramai dikunjungi baik saat liburan maupun saat hari biasa. Terdapat banyak sekali aktivitas-aktivitas yang ditawarkan di Pantai Pok Tunggal, seperti diving, snorkeling, berenang, berkemah, berfoto di spot-spot foto yang indah, hingga aktivitas ekstrem seperti rock climbing.",Bahari,Yogyakarta,10000,2
75,Hutan Pinus Asri,"Hampir semua kawasan di daerah Dlingo dan sekitarnya banyak ditumbuhi pohon pinus. Salah satunya adalah kawasan Hutan Pinus Asri yang ada di Dusun Karangasem. Karena keindahannya, tak heran jika banyak wisatawan datang untuk berfoto. Udara sejuk berkolaborasi dengan jajaran pohon pinus nan indah. Jika diperhatikan, pemandangan pohon pinus ini terlihat seperti pemandangan di Northwest Pacific. Apalagi, kabut tipis di pagi hari menyelimuti dengan tenangnya.",Cagar Alam,Yogyakarta,2500,2
76,Pasar Kebon Empring Bintaran,"Pasar Kebon Empring merupakan salah satu objek wisata di Kecamatan Piyungan yang menawarkan kuliner tradisional seperti sego atau nasi wader, jangan lombok, sego lele, sego welut, sego wiwit, tengkleng, sego mentel, geblek hingga dawet batok dan seruni. Harga yang ditawarkan relatif murah, mulai dari Rp3.000 sampai Rp17.000. Pasar Kebon Pring mulai dibuka untuk kunjungan wisatawan pada 17 Mei 2018. Dinamakan Pasar Kebon Empring karena hampir sekeliling objek wisata tersebut adalah pohon bambu atau empring dalam bahasa jawa. Lokasi tersebut mulai menjadi objek wisata awalnya karena banyak orang yang berswafoto di jembatan Kali Gawe dalam lokasi pasar Kebon Empring. Setelah jembatan Kali Gawe diresmikan pada Februari 2018, empat bulan kemudian warga setempat memanfaatkannya dan mengembangkan menjadi lokasi wisata dengan menambah sarana dan prasarana penunjang wisata seperti taman, destinasi swafoto, bale di atas Kali Gawe.",Pusat Perbelanjaan,Yogyakarta,0,2
77,"Bukit Paralayang, Watugupit","Bukit Paralayang Parangtritis merupakan tempat wisata di Yogyakarta, tempat ini mensajikan pemandangan pantai parangtritis dari atas bukit dengan ketinggian 900 mdpl dan pemandangan matahari terbenam. selain itu di bukit paralayang parangtritis terdapat olahraga ekstrem paralayang, bagi wisatawan yang tertarik,terdapat ahli yang mendampingi. Awalnya bukit ini hanya perbukitan biasa. Kemudian pada tahun 1991 dibuat landasan beton pertama yang digunakan untuk olahraga paralayang. Kemudian dilanjutkan pembangunan fasilitas pendopo, tangga, dan area parkir pada tahun 1998",Cagar Alam,Yogyakarta,5000,3
78,Kampung Wisata Dipowinatan,"Kampung Wisata Dipowinatan adalah sebuah kampung yang dikembangkan oleh Dinas Pariwisata Yogyakarta untuk tujuan pariwisata. Kampung tersebut merupakan salah satu dari 17 yang saat ini sedang dikembangkan oleh Pemerintah Kota Yogyakarta. Pepatnya, Kampung Dipowinatan terdapat di Kelurahan Keparakan, Kecamatan Mergangsan, Kota Yogyakarta. Keunggulan utama yang ditonjolkan oleh kampung itu adalah adanya konsep live in atau rekreasi yang berpadu dengan masyarakat sekitar sekaligus membaur dengan unsur budaya dan lokalitas masyarakat yang ada. Di dalam kampung tersebut, pengunjung akan disuguhi beberapa fasilitas unik seperti berkunjung ke rumah-rumah keluarga Jawa dengan mengenakan pakaian adat Jawa dan ditambah dengan adanya hiburan kesenian sekaligus sajian kuliner khas Jawa.",Budaya,Yogyakarta,220000,2
79,Watu Mabur Mangunan,"Kawasan Tebing Watu Mabur ini terbilang belum lama dikenal oleh masyarakat. Hal ini memang terjadi karena dahulu potensi wisata di kawasan Mangunan belum dikembangkan sedemikian rupa. Dahulu Kawasan Tebing Watu Mabur merupakan kawasan yang digunakan untuk perkemahan. Area perkemahannya sendiri cukup luas yang bisa menampung puluhan tenda besar. Sampai sekarang kawasan perkemahannya masih ada, namun jarang digunakan untuk aktivitas perkemahan, karena di Yogyakarta begitu banyak spot untuk berkemah. Mengunjungi Tebing Watu Mabur tidak lengkap jika tidak mencoba beberapa spot fotonya yang sekarang sangat hits. Spot foto yang paling terkenal ialah jalan raya / landasan pacu yang ujungnya tepat menghadap jurang. Sehingga ketika anda foto di tempat ini seperti sedang berada di jalan yang tidak berujung.",Cagar Alam,Yogyakarta,2500,2
80,Pintoe Langit Dahromo,"Pintu Langit Dahromo ini menyediakan berbagai spot selfie yang hitz dan instagramable dengan latar belakang panorama keindahan sebagian Kota Jogja yang istimewa. Adapun berbagai spot foto tersebut seperti spot foto rumah dengan bunga-bunga disekitarnya, pintu langit, gardu pandang yang berbentuk love, dan ada juga sayap capung. Pintu Langit Dahromo berlokasi di Jl. Dahromo, Karang Asem, Muntuk, Dlingo, Bantul, Daerah Istimewa Yogyakarta 55783. Tepatnya berada di jalur wisata perbukitan sebelah selatan bukit Lintang Sewu. Untuk mencapai Pintu Langit ini, rute perjalanan yang dilalui cukup mudah karena berada dekat dengan wisata lainnya.",Cagar Alam,Yogyakarta,2500,2
81,Green Village Gedangsari,"Wisata Green Village Gedangsari Gunungkidul merupakan wisata alam cukup menakjubkan, pesona alam berupa hamparan pepohonan hijau rindang serta udara sejuk, bahkan sekarang telah hadir loh wahana flying fox terpanjang se Asia Tenggara. Berada di dataran tinggi, pengunjung dapat menyaksikan panorama kota Jogja, Klaten hingga kota Solo. Beberapa kegiatan liburan menyenangkan dapat dilakukan ketika liburan di Green Village Gunungkidul. Sepanjang jalan setapak berawal dari gerbang masuk hingga lokasi puncak, tak perlu heran kalau banyak pengunjung berswafoto di sepanjang jalan. Hal tersebut mengingat pesona alam masih asri, sehingga sangat cocok dijadikan background berswafoto bareng keluarga, teman atau pun bareng pasangan. Tentu saja banyak pengunjung membawa tongkat selfie bahkan ada juga menggunakan pesawat drone demi merekam momen keseruan dan keindahan alam Gunungkidul melalui jepretan kamera.",Taman Hiburan,Yogyakarta,2000,1
82,Kebun Teh Nglinggo,"Wisata Kebun Teh Nglinggo adalah satu-satunya kebun teh yang berada di Yogyakarta. Sebenarnya kebun teh ini merupakan tempat mata pencaharian penduduk di sekitar Pagerhajo. Kemudian warga mempunyai ide untuk menjadikannya sebagai tempat wisata. Dengan pesona alamnya Kebun Teh Nglinggo menjadi objek wisata yang cukup terkenal di Kulon Progo. Kebun Teh Nglinggo terletak di wilayah Perbukitan Menoreh. Lokasinya di Desa Wisata Nglinggo, Nglinggo Barat, Pagerharjo, Samigaluh, Kabupaten Kulon Progo, DIY. Wisata ini menawarkan objek wisata berupa hamparan perkebunan teh dengan luas sekitar 136 hektare di ketinggian 900-1000 mdpl . Di sana pengunjung dapat melihat para pemetik daun teh dan dapat pula ikut memanen daun teh. Jika kurang puas pengunjung juga dapat naik hingga Puncak Kendeng Gunung Kukusan, dan akan dimanjakan dengan pemandangan alam yang memikat mata juga udara sejuk pegunungan yang masih alami . Dari puncak tersebut pengunjung akan disajikan dengan pemandangan delapan gunung besar yang ada di Jogja dan Jawa Tengah . Pengunjung juga bisa menjelajahi Kebun Teh Nglinggo dengan jeep ataupun motor trail. Meskipun buka dari pukul 06.00-18.00 WIB, tetapi Kebun Teh Nglinggo dapat dijadikan objek wisata untuk berburu sunrise. Karena pengunjung dapat bermalam di home stay sekitar. Untuk harga tiket masuk objek wisata Kebun Teh Nglinggo sebesar Rp 5000 per orang.",Cagar Alam,Yogyakarta,6000,2
83,Geoforest Watu Payung Turunan,"Bagi para pemburu keindahan matahari terbit yang tinggal atau berdomisili di Yogyakarta dan sekitarnya, Geoforest Watu Payung Turunan merupakan tujuan yang tepat. Keindahan matahari terbit, panorama alam, dan keunikan ornamen merupakan perpaduan sempurna yang tersaji di Geoforest Watu Payung Turunan. Tak hanya untuk memotret, obyek wisata ini juga pas untuk sekadar bersantai menikmati indahnya pagi.",Cagar Alam,Yogyakarta,0,2
84,Pantai Timang,"Pantai Timang adalah objek wisata berupa pantai yaitu wilayah yang menjadi batas antara lautan dan daratan yang terletak di Kabupaten Gunungkidul, Daerah Istimewa Yogyakarta. Pantai Timang merupakan salah satu pantai di yogyakarta yang pasirnya berwarna putih. Pantai Timang terletak di antara Pantai Siung dan Pantai Sundak Gunungkidul. Aksesn menuju pantai ini cukup sulit, jalan ke arah pantai ini masih banyak yang belum diaspal karena lokasi pantai ini cukup terpencil. Keunikan pantai ini ialah terdapat sebuah pulau yang menjadi habitat lobster laut diseberang pantai.",Bahari,Yogyakarta,10000,3
85,Puncak Segoro,"Puncak Segoro menjadi destinasi wisata terbaru di Yogyakarta yang menawarkan sajian pesona sunset yang mempesona. Puncak Segoro Jogja sendiri berlokasi di pinggir pantai selatan Yogyakarta. Kenapa di beri nama Puncak Segoro, Karena lokasinya berada di atas lautan dengan lanscape pemandangan alam yang luar biasa. Berupa tebing tinggi yang menghadap ke laut kidul membuat keindahan panorama yang di sajikan begitu istimewa.",Cagar Alam,Yogyakarta,5000,1
86,Candi Borobudur,"Borobudur (bahasa Jawa: ꦕꦤ꧀ꦝꦶ​ꦧꦫꦧꦸꦝꦸꦂ, translit. Candhi Barabudhur) adalah sebuah candi Buddha yang terletak di Borobudur, Magelang, Jawa Tengah, Indonesia. Candi ini terletak kurang lebih 100 km di sebelah barat daya Semarang, 86 km di sebelah barat Surakarta, dan 40 km di sebelah barat laut Yogyakarta. Candi berbentuk stupa ini didirikan oleh para penganut agama Buddha Mahayana sekitar tahun 800-an Masehi pada masa pemerintahan wangsa Syailendra. Borobudur adalah candi atau kuil Buddha terbesar di dunia, sekaligus salah satu monumen Buddha terbesar di dunia.\nMonumen ini terdiri atas enam teras berbentuk bujur sangkar yang di atasnya terdapat tiga pelataran melingkar, pada dindingnya dihiasi dengan 2.672 panel relief dan aslinya terdapat 504 arca Buddha. Borobudur memiliki koleksi relief Buddha terlengkap dan terbanyak di dunia. Stupa utama terbesar teletak di tengah sekaligus memahkotai bangunan ini, dikelilingi oleh tiga barisan melingkar 72 stupa berlubang yang di dalamnya terdapat arca Buddha tengah duduk bersila dalam posisi teratai sempurna dengan mudra (sikap tangan) Dharmachakra mudra (memutar roda dharma).\nMonumen ini merupakan model alam semesta dan dibangun sebagai tempat suci untuk memuliakan Buddha sekaligus berfungsi sebagai tempat ziarah untuk menuntun umat manusia beralih dari alam nafsu duniawi menuju pencerahan dan kebijaksanaan sesuai ajaran Buddha. Para peziarah masuk melalui sisi timur dan memulai ritual di dasar candi dengan berjalan melingkari bangunan suci ini searah jarum jam, sambil terus naik ke undakan berikutnya melalui tiga tingkatan ranah dalam kosmologi Buddha. Ketiga tingkatan itu adalah Kāmadhātu (ranah hawa nafsu), Rupadhatu (ranah berwujud), dan Arupadhatu (ranah tak berwujud). Dalam perjalanannya para peziarah berjalan melalui serangkaian lorong dan tangga dengan menyaksikan tak kurang dari 1.460 panel relief indah yang terukir pada dinding dan pagar langkan.\nMenurut bukti-bukti sejarah, Borobudur ditinggalkan pada abad ke-14 seiring melemahnya pengaruh kerajaan Hindu dan Buddha di Jawa serta mulai masuknya pengaruh Islam. Dunia mulai menyadari keberadaan bangunan ini sejak ditemukan 1814 oleh Sir Thomas Stamford Raffles, yang saat itu menjabat sebagai Gubernur Jenderal Inggris atas Jawa. Sejak saat itu Borobudur telah mengalami serangkaian upaya penyelamatan dan pemugaran (perbaikan kembali). Proyek pemugaran terbesar digelar pada kurun waktu 1975 hingga 1982 atas upaya Pemerintah Republik Indonesia dan UNESCO, kemudian situs bersejarah ini masuk dalam daftar Situs Warisan Dunia.Borobudur kini masih digunakan sebagai tempat ziarah keagamaan; tiap tahun umat Buddha yang datang dari seluruh Indonesia dan mancanegara berkumpul di Borobudur untuk memperingati Trisuci Waisak. Dalam dunia pariwisata, Borobudur adalah objek wisata tunggal di Indonesia yang paling banyak dikunjungi wisatawan.",Budaya,Yogyakarta,50000,3
87,Candi Ijo,"Candi Ijo (bahasa Jawa: ꦕꦤ꧀ꦝꦶ​ꦆꦗꦺꦴ, translit. Candhi Ijo) adalah sebuah kompleks percandian bercorak Hindu, berada 4 kilometer arah tenggara dari Candi Ratu Boko atau kira-kira 18 kilometer di sebelah timur kota Yogyakarta. Candi ini diperkirakan dibangun antara kurun abad ke-10 sampai dengan ke-11 Masehi pada saat zaman Kerajaan Medang periode Mataram.",Budaya,Yogyakarta,5000,3
88,Pantai Indrayanti,"Pantai Indrayanti menawarkan keindahan alam yang menakjubkan. Hamparan pasir dan birunya laut menjadi pesona yang tiada dua. Pantai Indrayanti merupakan salah satu tempat wisata Yogyakarta yang menjadi rekomendasi bagi wisatawan. Jika kamu merasa jenuh di Malioboro, pantai ini bisa menjadi pilihannya.",Bahari,Yogyakarta,10000,2
89,Pantai Nglambor,"Pantai Nglambor adalah sebuah pantai eksotis yang terletak di Kelurahan Purwodadi, Kecamatan Tepus, Gunung Kidul, Daerah Istimewa Yogyakarta. Lokasinya persis di sebelah barat dari Pantai Siung dan sebelah timur dari Pantai Jogan. Jaraknya kurang lebih 74 km dari pusat kota Jogja, pantai ini menawarkan panorama pantai yang indah. Terdapat dua batu karang besar yang menyerupai kura-kura persis di depan teluknya.\nAir lautnya yang jernih menjadikan pengunjung bisa dengan leluasa melihat karang, rumput laut, ikan dengan berbagai warna berkejaran, dan aneka biota laut lainnya dari permukaan air. Para pengunjung pun bisa melakukan snorkeling dan berenang di pantai ini tanpa harus khawatir tergulung ombak besar karena memang lokasinya pantainya yang berada di teluk.Seringkali pengunjung berasal dari luar kota bahkan luar negeri, seperti turis dari Belanda, Prancis dan Singapura",Bahari,Yogyakarta,10000,2
90,Pasar Beringharjo,"Pasar Beringharjo (bahasa Jawa: ꦥꦱꦂꦧꦼꦫꦶꦁꦲꦂꦗ, translit. Pasar Beringharjo) adalah pasar tertua dengan nilai historis dan filosofis yang tidak dapat dipisahkan dengan Keraton Yogyakarta. Beringharjo memiliki makna harafiah hutan pohon beringin yang diharapkan memberikan kesejahteraan bagi warga Yogyakarta. Pasar Beringharjo terletak di Jalan Jenderal Ahmad Yani nomor 16, Yogyakarta. Ada banyak jenis barang yang dapat dibeli di Pasar Beringharjo, mulai dari batik, jajanan pasar, uang kuno, pakaian anak dan dewasa, makanan cepat saji, bahan dasar jamu tradisional, sembako hingga barang antik.",Pusat Perbelanjaan,Yogyakarta,0,2
91,Museum Ullen Sentalu,"Museum Ullen Sentalu, (bahasa Jawa: ꦩꦸꦱꦶꦪꦸꦩ꧀​ꦈꦭ꧀ꦭꦺꦤ꧀​ꦱꦼꦤ꧀ꦠꦭꦸ, translit. Musiyum Ullèn Sentalu) terletak di Kecamatan Pakem (Kaliurang), Kabupaten Sleman, Daerah Istimewa Yogyakarta, adalah museum yang menampilkan budaya dan kehidupan para bangsawan Dinasti Mataram (Kasunanan Surakarta, Kesultanan Yogyakarta, Praja Mangkunegaran, dan Kadipaten Pakualaman) beserta koleksi bermacam-macam batik (baik gaya Yogyakarta maupun Surakarta).\nMuseum ini juga menampilkan tokoh raja-raja beserta permaisurinya dengan berbagai macam pakaian yang dikenakan, baik untuk acara formal maupun untuk keseharian. \nNama Ullen Sentalu merupakan akronim dari bahasa Jawa: “ULating bLENcong SEjatiNe TAtaraning LUmaku” yang artinya adalah “Nyala lampu blencong sebagai petunjuk bagi umat manusia dalam melangkah dan meniti kehidupan”. Falsafah ini diambil dari sebuah lampu minyak yang dipergunakan dalam pertunjukkan wayang kulit (blencong) yang merupakan cahaya yang selalu bergerak untuk mengarahkan dan menerangi perjalanan hidup kita. Museum ini didirikan oleh salah seorang bangsawan Yogyakarta yang dikenal sangat dekat dengan keluarga keraton Surakarta dan Yogyakarta.\nDi Museum Ullen Sentalu, dapat diketahui bagaimana para leluhur Jawa membuat batik yang memiliki arti dan makna yang mendalam di dalam setiap coraknya. Ada juga berbagai sejarah mengenai keadaan budaya Jawa dari masa Mataram Kuno hingga Mataram Islam dengan segala aturannya. Keadaan museum yang dibangun dengan baik mampu membuat pengunjung seperti terserap ke masa Jawa kuno yang mengagumkan.",Budaya,Yogyakarta,100000,3
92,Museum Gunung Merapi,"Museum Gunung Merapi (bahasa Jawa: ꧋ꦩꦸꦱꦶꦪꦸꦩ꧀​ ꦒꦸꦤꦸꦁ​ ꦩꦼꦫꦥꦶ꧉, translit. Musiyum Gunung Merapi) merupakan museum bersejarah yang terdapat di Yogyakarta tepatnya di Jln. Boyong, Dusun Banteng, Desa Hargobinangun, Kecamatan Pakem, Kabupaten Sleman, Daerah Istimewa Yogyakarta sekitar lima kilometer dari kawasan objek wisata Kaliurang. Museum Gunung Merapi telah diresmikan pada tanggal 1 Oktober 2009 oleh Menteri Energi dan Sumber Daya Mineral (ESDM), Purnomo Yusgiantoro.\nDengan luas bangunan sekitar 4,470 yang berdiri di atas tanah seluas 3,5 hektare, museum yang ke depan juga akan dilengkapi dengan taman, area parkir, dan plasa ini ingin dikenal masyarakat sebagai Museum Gunungapi Merapi dengan semboyan Merapi Jendela Bumi .\nMuseum Gunung Merapi ini dapat dijadikan sebagai sarana pendidikan, penyebarluasan informasi aspek kegunungapian khususnya dan kebencanaan geologi lainnya yang bersifat rekreatif-edukatif untuk masyarakat luas dengan tujuan untuk memberikan wawasan dan pemahaman tentang aspek ilmiah, maupun sosial-budaya dan lain-lain yang berkaitan dengan gunungapi dan sumber kebencanaan geologi lainnya. Museum Gunungapi ini diharapkan dapat menjadi solusi alternatif sebagai sarana yang sangat penting dan potensial sebagai pusat layanan informasi kegunungapian dalam upaya mencerdaskan kehidupan masyarakat, serta sebagai media dalam meningkatkan kesadaran dan kewaspadaan masyarakat tentang manfaat dan ancaman bahaya letusan gunungapi serta bencana geologi lainnya .",Budaya,Yogyakarta,10000,2
93,Pantai Parangtritis,"Pantai Parangtritis (bahasa Jawa: ꦥꦱꦶꦱꦶꦂ ꦥꦫꦁꦠꦿꦶꦠꦶꦱ꧀, translit. Pasisir Parangtritis) adalah tempat wisata yang terletak di Desa Parangtritis, Kretek, Kabupaten Bantul, Daerah Istimewa Yogyakarta. Jaraknya kurang lebih 27 km dari pusat Kota Yogyakarta. Pantai ini boleh terbilang adalah salah satu destinasi wisata terkenal di Yogyakarta dan paling favorit diantara para wisatawan sejak lama, bahkan Pantai Parangtritis telah menjadi ikon pariwisata di Yogyakarta. Pantai Parangtritis mempunyai nilai simbolis yang merupakan garis yang bersifat magis yang menghubungkan Panggung Krapyak, Keraton Yogyakarta, Tugu Yogyakarta dan Gunung Merapi yang dikenal sebagai Garis Imajiner Yogyakarta.\nPantai yang terletak di sisi timur Pantai Parangkusumo ini terkenal diantara para wisatawan karena memiliki legenda yang melekat dengan Ratu Kidul sebagai penguasa laut selatan dan keindahannya. Pantai ini merupakan pantai yang cukup luas di Yogyakarta, berbeda dengan pantai-pantai di kawasan Yogyakarta lainya seperti Pantai di Gunungkidul yang ukurannya relatif kecil.",Bahari,Yogyakarta,10000,2
94,Goa Pindul,"Gua Pindul adalah objek wisata berupa gua yang terletak di Desa Bejiharjo, Kecamatan Karangmojo, Kabupaten Gunungkidul. Gua Pindul dikenal karena cara menyusuri gua yang dilakukan dengan menaiki ban pelampung di atas aliran sungai bawah tanah di dalam gua, kegiatan ini dikenal dengan istilah cave tubing.",Cagar Alam,Yogyakarta,40000,2
95,Candi Ratu Boko,"Situs Ratu Baka atau Candi Boko (Hanacaraka:ꦕꦤ꧀ꦝꦶ​ꦫꦠꦸ​ꦧꦏ, bahasa Jawa: Candhi Ratu Baka) adalah situs purbakala yang merupakan kompleks sejumlah sisa bangunan yang berada kira-kira 3 km di sebelah selatan dari kompleks Candi Prambanan, 18 km sebelah timur Kota Yogyakarta atau 50 km barat daya Kota Surakarta, Jawa Tengah, Indonesia. Situs Ratu Boko terletak di sebuah bukit pada ketinggian 196 meter dari permukaan laut. Luas keseluruhan kompleks adalah sekitar 25 ha.",Budaya,Yogyakarta,75000,3
96,Pantai Depok Jogja,"Pantai Depok (bahasa Jawa: ꦥꦱꦶꦱꦶꦂ ꦝꦺꦥꦺꦴꦏ꧀, translit. Pasisir Dhépok) merupakan objek wisata pantai yang terletak di Kecamatan Kretek, Kabupaten Bantul, Daerah Istimewa Yogyakarta, sekitar tiga puluh kilometer di sebelah selatan Kota Yogyakarta. Pantai ini terkenal akan pasar ikannya yang ikannya merupakan hasil tangkapan nelayan Pantai Depok.",Bahari,Yogyakarta,10000,1
97,Pantai Sundak,"Pantai Sundak merupakan salah satu pantai indah yang berada di Gunung Kidul tepatnya di dekat Pantai Indrayanti. Pantai ini berpasir putih dan memilii air yang masih bersih, bening, dan menyegarkan. Tetapi ombak di Pantai Sundak ini sangat besar, jadi jika anda ingin bermain air di Pantai Sundak diharapkan untuk berhati-hati. Selain bermain air anda juga bisa berjalan-jalan di tepi pantai sambil menikmati keindahan pantai ini. Jika anda berjalan di tepi pantai sampai sejauh 40 meter anda akan menemukan batu-batu karang kecil berjajar dan batu-batu karang tersebut adalah tempat persembunyian hewan-hewan laut yang kecil, tetapi harus tetap berhati-hati karena batu karang tersebut begitu tajam.",Bahari,Yogyakarta,5000,2
98,Hutan Mangrove Kulon Progo,Di sini ada kawasan wisata Hutan Mangrove Kulon Progo yang menyajikan keindahan alamnya. hutan Mangrove  ini memberikan pesona tersendiri selain pantai Glagah yang sudah menjadi primadona di Kulon Progo ini. Letak lokasi hutan mangrove  Kulon Progo ini sejatinya sudah masuk ke kawasan Pasir Mendit Kecamatan Temon Kulon Progo.,Bahari,Yogyakarta,5000,0
99,Jogja Bay Pirates Adventure Waterpark,"Jogja Bay Waterpark atau Jogja Bay (bahasa Jawa: ꦠꦼꦭꦸꦏ꧀ꦔꦪꦺꦴꦒꦾ 'Teluk Ngayogya') adalah salah satu taman wisata air atau waterpark terbesar di Asia Tenggara yang berlokasi di Yogyakarta, Indonesia. Taman wisata air ini dibuka secara resmi pada 20 Desember 2015.",Taman Hiburan,Yogyakarta,150000,2
100,Pantai Sepanjang,"Siapa sangka, ternyata Yogyakarta pun punya “Kuta”-nya sendiri Ialah Pantai Sepanjang, salah satu pantai di Kabuaten Gunungkidul. Daerah yang satu ini memang memiliki koleksi pantai cantik yang tak terhitung jumlahnya. Bahkan pantai ini digadang-gadang sebagai ‘Kuta Tempo Doeloe‘. Memang, pesona seperti apa yang ditawarkan pantai ini?",Bahari,Yogyakarta,10000,2
101,Pantai Krakal,"Pantai krakal merupakan pantai strategis untuk singgah, selain bisa menikmati panorama laut, wisatawan juga bisa mencicipi kuliner laut. Terdapat icon berupa bangunan berbentuk ikan diatas bukit yang sering dijadikan tempat foto.",Bahari,Yogyakarta,10000,2
102,Pantai Glagah,Pantai Glagah Indah adalah salah satu pantai yang menjadi objek wisata di provinsi Daerah Istimewa Yogyakarta. Pantai Glagah Indah merupakan salah satu pantai di Yogyakarta dengan hamparan pasir yang berwarna hitam dan banyak mengandung pasir besi. Pantai Glagah Indah memiliki akses yang baik,Bahari,Yogyakarta,5000,2
103,Pantai Siung,"Pantai Siung adalah suatu objek wisata pantai yang terletak di Kec. Tepus, tepatnya berada di Dusun Duwet, Kelurahan Purwodadi, Kecamatan Tepus, Kabupaten Gunungkidul, provinsi Daerah Istimewa Yogyakarta. Lokasinya berjarak kurang lebih 75 km dari kota Yogya dan memiliki jalur panjat tebing dengan 250 jalur berstandar internasional.\nDi sepanjang perjalanan menuju lokasi pantai, Anda akan disuguhi pemandangan bukit kapur yang ditumbuhi pohon-pohon jati. Jalan yang berkelok-kelok dan menaik, merupakan tantangan yang harus Anda lewati sebelum mencapai Pantai Siung. Akan tetapi, perjalanan yang melelahkan akan terbayar ketika Anda sudah berada di kawasan Pantai Siung. Pantai dengan hamparan pasir putih dan suara deburan ombak, akan membuat suasana hati dan pikiran Anda tenang dan damai.\nKarena pantai ini sangat terpencil, fasilitas yang tersedia masih minim. Untuk akomodasi penginapan belum tersedia di sini, tetapi jika Anda ingin bermalam di Pantai Siung, Anda bisa menggunakan pondok pemanjat yang bentuknya mirip rumah panggung dengan kapasitas kurang lebih sekitar 20 orang. Jika Anda ingin bermalam dengan suasana alam, anda bisa membawa tenda sendiri yang bisa Anda gunakan di area camping ground.\nJika Anda dari Kota Yogyakarta, Anda bisa menggunakan jalur Yogyakarta-Wonosari-Tepus-Purwodadi-Pantai Siung. Jika Anda menggunakan transportasi umum, Anda dapat menggunakan bus dari Terminal Giwangan Yogyakarta dengan menggunakan bus jurusan Jogja-Wonosari. Sampai di terminal Wonosari, Anda dapat menggunakan angkutan umum jurusan Wonosari-Jepitu. Sesampai Pertigaan Balai Desa Purwodadi, Anda bisa menggunakan jasa ojek, karena hanya itu transportasi umum yang bisa digunakan sampai ke Pantai Siung.",Bahari,Yogyakarta,10000,3
104,Pantai Sadranan,"Pantai Sadranan Jogja adalah butiran intan permata tersembunyi yang tiba-tiba memunculkan diri, dari dalam tumpukan harta karun deretan pantai pantai indah di Jogja. Seperti halnya pantai-pantai lain di kawasan Selatan Jogja, Pantai Sadranan juga memiliki ciri khas pasir putih dengan karang koral di area sangaet dekat dengan bibir pantai. Pasir putih ini mengingatkan pada Pantai terkenal semacam Kuta di Bali dan Mandalika di Lombok. Namun pantai di gunung kidul ini punya kelebihan dari 2 pantai terkenal itu, yaitu terdapatnya koral karang di pantai. Selain itu, pantai ini juga masih terbilang sepi. Kedua kelebihan ini, membuat pengunjung benar-benar bisa menikmati keasrian pantai tanpa harus terganggu hiruk pikuknya manusia.",Bahari,Yogyakarta,10000,3
105,Pantai Nguluran,"Di pantai Nguluran anda hanya bisa melihat hamparan laut luas serta spot foto. Semua fasilitas itu adanya di atas tebing. Sekitar belasan meter dari permukaan air pantai. Spot favorit di resort pantai ini adalah teras kaca. Teras kaca ini dapat dijadikan spot selfie dengan latar belakang pantai. Pengunjung akan mendapatkan foto yang sangat bagus dan indah untuk dipajang di IG, FB, atau media sosial lain. Apalagi jika foto diambil saat sunset. Saat berfoto di teras kaca, pengunjung akan merasakan sensasi yang menegangkan. Sensasi tegang ini timbul akibat teras kaca yang tepat berdiri di atas pinggir laut. Sensasi yang timbul seperti berjalan di atas seutas tali pada ketingian belasan meter di atas air laut. Namun tidak perlu kuatir, pihak pengelola menjamin keselematan para pengunjung, sepanjang tidak melanggar peraturan yang sudah di buat pihak pengelola.",Bahari,Yogyakarta,10000,0
106,Pantai Samas,"Pantai Samas (bahasa Jawa: ꦥꦱꦶꦱꦶꦂ​ꦱꦩꦱ꧀, translit. Pasisir Samas) merupakan salah satu pantai yang berada di deretan pantai sebelah timur Pantai Parangtritis. Lokasi Pantai Samas kurang lebih 14 km arah selatan Kota Bantul atau sekitar 35 km dari pusat Kota Yogyakarta, tepatnya di Desa Srigading, Kecamatan Sanden, Kabupaten Bantul, Daerah Istimewa Yogyakarta.",Bahari,Yogyakarta,4000,0
107,Pantai Drini,"Pantai Drini adalah salah satu objek wisata yang terletak di Desa Banjarejo, Kecamatan Tanjungsari,Gunungkidul, Yogyakarta. Letaknya di sebelah timur Pantai Baron dan berjarak sekitar 1 km ke arah timur Pantai Sepanjang. Namun jarak sebenarnya yang harus ditempuh untuk sampai ke pantai ini sejauh 60 km atau sekitar 2-3 jam dari Kota Yogyakarta. Infrastruktur menuju ke Pantai Drini cukup mulus, walaupun jalan masuk untuk sampai ke pantai ini cukup terjal dan berkelok-kelok. Pantai Drini merupakan pantai yang langsung berhadapan dengan Samudra Hindia. Pantai ini memiliki lereng pantai yang cukup curam sekitar 10 derajat dan merupakan bagian dari Wonosari yang didominasi oleh batuan karst dari Gunung Sewu. Pantai ini belum banyak terjamah oleh wisatawan lokal maupun asing, karena letaknya yang berada di daerah terpencil. Sehingga, Pantai Drini ini dikenal dengan nama Pantai Perawan. Sebutan ini digunakan oleh masyarakat setempat karena kondisi Pantai Drini yang masih bersih, udara yang sejuk, air yang terasa dingin ditambah dengan hamparan pasir putih yang mempesona dan aliran airnya yang tidak seganas Pantai Parangtritis Pantai ini memiliki sebuah tebing besar yang berada di tengah-tengah pantai dan membagi pantai ini menjadi dua sisi, yaitu sisi barat dan sisi timur . Tebing ini terlihat begitu indah sehingga membuatnya seolah-olah seperti pulau kecil yang terapung di tengah pantai. Di atas karang ini dibangun mercusuar dimana dari menaranya mata kita akan dimanjakan dengan pemandangan yang luar biasa indahnya.. Di pantai ini pengunjung juga dapat melihat dengan jelas rumput-rumput laut di antara karang-karang laut dan biota laut lainnya.",Bahari,Yogyakarta,10000,2
108,Air Terjun Sri Gethuk,"Air Terjun Sri Gethuk merupakan salah satu objek wisata alam yang terletak di Kecamatan Playen, Kabupaten Gunungkidul, Yogyakarta. Air terjun ini berada di tepi Sungai Oyo sehingga untuk menikmatinya harus menyelusuri sungai dengan rakit. Sepanjang perjalanan akan disuguhi pemandangan berupa tebing tebing kapur dikanan-kiri dan rimbunnya pepohonan. Jika di musim kemarau, air sungai akan sangat jernih berwana kehijauan dan tenang.\nAir terjun Sri Gethuk ini memiliki 3 sumber mata air yaitu mata air Ngandong, Dong Poh, dan Ngumbul. Ketiga mata air ini berkumpul dan mengalir melalui tebing tinggi hingga membentuk air terjun Sri Gethuk. Air Terjun Sri Gethuk memiliki tinggi sekira 25 meter dengan 3-5 terjunan air terjun tergantung musim. Air yang tak pernah kering itu jatuh tak membuat kolam namun langsung merayapi bebatuan kapur yang rapi di tepi sungai. Air terjun ini sedang dalam tahap pengembangan untuk menjadi destinasi wisata andalan Kabupaten Gunungkidul selain dari pantai dan pegunungan karst.\nAir Terjun Sri Gethuk juga disebut sebagai Air Terjun Slempret. Nama Slempret sendiri berasal dari legenda yang ada di Desa Bleberan. Menurut cerita yang beredar di masyarakat, air tejun ini merupakan pusatnya para jin dengan pimpinan Jin Anggo Menduro. Air terjun ini bermula dari tiga sumber mata air yaitu Kedungpoh, Ngandong, dan Ngumbul. Ketiga sumber mata air tersebut mengalir menjadi satu dan membentuk butiran-butiran air yang jatuh dari tebing bebatuan karst yang tandus.",Cagar Alam,Yogyakarta,15000,2
109,Candi Sewu,"Candi Sewu atau Manjusrighra (Hanacaraka:ꦕꦤ꧀ꦝꦶ​ꦱꦺꦮꦸ, Jawa: Candhi Sèwu) adalah candi Buddha yang dibangun pada abad ke-8 Masehi yang berjarak hanya delapan ratus meter di sebelah utara Candi Prambanan. Candi Sewu merupakan kompleks candi Buddha terbesar kedua setelah Candi Borobudur di Jawa Tengah. Candi Sewu berusia lebih tua daripada Candi Borobudur dan Prambanan. Meskipun aslinya memiliki 249 candi, oleh masyarakat setempat candi ini dinamakan ""Sewu"" yang berarti seribu dalam bahasa Jawa. Penamaan ini berdasarkan kisah legenda Loro Jonggrang.\nSecara administratif, kompleks Candi Sewu terletak di Dukuh Bener, Desa Bugisan, Kecamatan Prambanan, Kabupaten Klaten, Provinsi Jawa Tengah.",Budaya,Yogyakarta,50000,3
110,Pantai Wediombo,"Pantai Wediombo (O Jawa: Wedhiamba) adalah sebuah pantai yang berada di Desa Jepitu, Girisubo, Gunungkidul di dekat Pantai Siung, berjarak 80 km dari kota Yogyakarta. Pantai tersebut meliputi sebuah teluk yang dikelilingi pegunungan batu karang dan pasir putih. Di tengah laut, batu karang tampak menonjol. Tempat tersebut juga dipakai untuk selancar. Ketinggian ombak dapat mencapai 3-4 meter. Pantai Wediombo menghadap ke barat dan matahari berada di sisi selatan (pada November-Mei). Dari pantai ini, orang-orang dapat melihat matahari terbenam pada waktu sore. Selin untuk berselancar, Wediombo juga memiliki kolam alami sampai perairan tanpa ombak. Ada pula tempat untuk snorkeling. Wediombo masuk salah satu dari 13 tempat yang masuk Cagar Alam Dunia UNESCO Gunung Sewu.",Bahari,Yogyakarta,5000,2
111,Pantai Jogan,"Pantai Jogan adalah objek wisata pantai yang terletak di Dusun Duwet, Purwodadi, Tepus, Kabupaten Gunungkidul, Daerah Istimewa Yogyakarta. Lokasinya berjarak kurang lebih 74 km dari Pusat kota Yogyakarta. Pantai ini terletak di jajaran pegunungan Gunungkidul, yang memberikan pemandangan alam tebing dan air terjun yang mengarah ke laut lepas.",Bahari,Yogyakarta,5000,2
112,Pantai Ngrenehan,Pantai Ngrenehan merupakan\npantai nelayan. Terletak di desa Kanigoro\nKecamatan Saptosari kurang lebih 30 km di sebelah selatan kota Wonosari. Suatu pantai berupa teluk yang dikelilingi hamparan perbukitan kapur dan memiliki panorama yang sangat memukau dengan deburan ombak menerpa pasir putih. Para wisatawan dapat menyaksikan aktivitas kegiatan nelayan dan menikmati ikan siap saji atau membawa ikan segar sebagai oleh-oleh.,Bahari,Yogyakarta,3000,2
113,Pantai Jungwok,"Pantai Jungwok adalah pantai yang terletak di Desa Jepitu, Kecamatan Girisubo, Kabupaten Gunungkidul, Daerah Istimewa Yogyakarta. Pantai Jungwok merupakan salah satu pantai yang memiliki panorama yang indah dengan pasir putih yang khas dari pantai di Gunung Kidul. Pantai Jungwok terletak di sebelah Timur Pantai Wediombo dan di sebelah Barat Pantai Ngusalan. Jarak Pantai Jungwok dari Kota Wonosari sekitar 40 km. Akses jalan menuju Pantai Jungwook masih cukup sulit, itu dikarenakan jalan yang masih belum diaspal. Pantai Jungwok sering menjadi destinasi wisata karena tempatnya yang nyaman untuk berkemah.",Bahari,Yogyakarta,5000,3
114,Pantai Greweng,"Di Kabupaten Gunungkidul, tidak sulit memilih pantai yang masih sepi dan indah. Pantai Greweng yang berada di Kecamatan Girisubo adalah satu di antaranya. Tidak hanya cantik, pantai ini juga dikenal sebagai destinasi untuk berkemah. Namun, siapkan energi lebih untuk mencapai lokasinya yang terpencil.",Bahari,Yogyakarta,5000,3
115,Pantai Sedahan,"Pantai Sedahan ini memiliki garis pantai yang cukup panjang dan cukup luas untuk dijadikan sebagai arena bermain. Pada kedua sisi pantai, terdapat tebing karang yang mengapit pantai ini dan menjorok ke tengah laut. Pantai Sedahan mempunyai deburan ombak yang khas laut selatan dan hamparan pasir putih dengan butiran butiran yang halus. Air Biru kehijauan yang bening, segar, dan berkilauan teritampa cahaya matahari akan menghipnotis siapa pun untuk bermain air dan menceburkan diri di pantai tersebut. Tetapi pengunjung harus tetap berhati hati karena pantai selatan selalu berarus dan berombak kuat, maka para pengunjung tidak disarankan untuk berenang terlalu jauh dari daratan. Pantai Sedahan ini juga dikenal oleh banyak orang sebagai lokasi memancing yang menyenangkan. Banyak pengunjung yang rela dan menyempatkan datang jauh jauh hanya untuk memancing ikan di Pantai Sedahan ini.",Bahari,Yogyakarta,5000,2
116,Pantai Watu Kodok,"Pantai Watu Kodok merupakan salah satu pantai yang ada di Gunung Kidul. Pantai Watu Kodok ini memiliki pasir putih dan air laut yang masih berwarna biru yang sangat indah. Di pantai ini terdapat beberapa batu karang yang terjal, batu tersebut menjadi daya tarik para wisatawan dan keunikan bagi pantai itu sendiri. Dan suasana pantai yang masih alami juga menjadikan pantai ini menjadi daya tariknya, tetapi pantai ini masih tergolong pantai baru jadi masih belum banyak wisatawan. Pantai Watu Kodok ini sangat cocok bagi Anda yang ingin menghabiskan waktu liburan bersama keluarga.",Bahari,Yogyakarta,5000,3
117,Pantai Kesirat,"Pada umumnya pantai identik dengan pasirnya bukan, namun pantai kesirat memiliki keunikan tersendiri yang akan anda temukan disini. Pantai kesirat tidak memiliki pasir namun anda akan menemukan tebing tebing yang memeiliki struktur yang cantik kemudian anda kana menikmati pantai di atasnya, tempat ini juga sangat cocok untuk menikmati sunset. Keindahan pantai ini membuat semua orang tidak bisa melupakannya seperti janji mantan hehee.. pantai kesirat memiliki spot spot foto yang instagramable banget cocok sekali untuk kamu yang suka berfoto. Keunikan lain yang menjadi ciri khas dari wisata Pantai Kesirat adalah hadirnya sebuah pohon yang tampak berdiri kokoh yang menjadi ikon dari tempat wisata ini. Banyak wisatawan yang memanfaatkan pohon ini sebagai latar belakang foto mereka.",Bahari,Yogyakarta,5000,3
118,Pantai Ngandong,"Pantai Ngandong terletak di Desa Sidoarjo, Kecamatan Tepus, Kabupaten Gunung Kidul, Yogyakarta. Pantai ini sebenarnya tidak jauh dari Pantai Indrayanti yang lebih terkenal dahulu, tepatnya terletak di sebelah barat laut dari pantai Indrayanti. Pantai Ngandong termasuk pantai yang kecil namun mempunyai ciri khas tersendiri yang menjadi daya tarik bagi wisatawan. Meskipun demikian belum banyak wisatawan yang mengetahui destinasi wisata pantai ini. Pantai ini ramai penunjung ketika musim liburan, namun sepi ketika hari-hari biasa.",Bahari,Yogyakarta,10000,2
119,Galaxy Waterpark Jogja,"Galaxy Waterpark adalah taman rekreasi air yang berdiri di atas lahan seluas 2,5 hektar ini sangat cukup untuk menampung pengunjung di waktu liburan. Dengan lokasi yang sangat luas banyak wahana dan fasilitas yang bisa kamu nikmati. Di tempat ini juga tersedia beberapa kolam, dari kolam anak sampai kolam dewasa. Selain itu fasilitas yang disediakan pengelolapun juga terbilang lengkap untuk mendukung kenyamananmu saat berlibur.",Taman Hiburan,Yogyakarta,40000,1
120,Desa Wisata Pulesari,"Desa Wisata Pulesari semakin menambah deretan profil desa wisata di Jogja yang lahir dari kesadaran masyarakat, atas potensi lokal yang dimiliki. Baik itu dari sisi ragam budaya, pesona alam sekitar, kazanah kuliner, maupun nilai sejarah, dan budaya yang ada. Semuanya dikemas dalam sebuah keseruan wisata. Lokasi Desa Wisata Pulesari berada di Kabupaten Sleman, Daerah Istimewa Yogyakarta (DIY), yang notabene sebagai kabupaten yang dianugerahi banyak sekali tempat wisata. Kehadiran Desa Wisata Pulesari seakan menjadi penambal dari puzle wisata yang belum lengkap. Dan inilah review Desa Wisata Pulosari sebagai referensi awal untuk menentukan lokasi liburan nanti.",Taman Hiburan,Yogyakarta,0,2
121,Desa Wisata Tembi,"Desa Wisata Tembi, merupakan satu dari sekian desa wisata yang sukses menata kawasannya, sehingga menjadi sebuah kawasan yang layak untuk dikunjungi. Potensi alam, sejarah, serta potensi budaya yang dimiliki Desa Wisata Tembi memang sangat pas untuk dijadikan sebuah desa wisata. Apalagi jarak Desa Wisata Tembi tidak jauh dari pusat kota Jogja. Ternyata, pesona keindahan Desa Wisata Tembi tidak hanya terbatas pada dua hal tersebut saja. Dan inilah info lengkap Desa Wisata Tembi, sebagai referensi awal menentukan lokasi wisata saat liburan nanti. Lokasi Desa Wisata Tembi terletak satu arah menuju Parangtritis. Alamat Desa Wisata Tembi berada di Desa Tembi, Kecamatan Sewon, Kabupaten Bantul, Daerah Istimewa Yogyakarta.",Taman Hiburan,Yogyakarta,50000,2
122,Wisata Kaliurang,"Jogja selalu menarik untuk dikulik, terlebih tempat wisatanya. Berbagai wisata tersedia di Jogja, mulai dari wisata buatan hingga wisata alam. Seperti halnya Taman Wisata Kaliurang, yang memadukan unsur alam dengan taman rekreasi. Taman rekreasi ini berada di kawasan lereng Gunung Merapi. Bukan hal aneh jika objek wisata ini sangat sejuk. Menghabiskan waktu untuk berlibur di sini merupakan pilihan yang tepat.",Cagar Alam,Yogyakarta,8000,2
123,Heha Sky View,"HeHa Sky View adalah salah satu tempat wisata terbaru di Yogyakarta dan paling hits saat ini. Mau foto estetik ala selebgram atau berfoto di atas rooftop berlantai kaca? Bisa! .Terletak di Yogyakarta yang romantis, Heha Sky View adalah tempat wisata yang punya tiga ciri khas. Berdasarkan akun Instagram milik mereka, tiga hal yang menjadi ciri utama Heha Sky View adalah selfie, resto, dan food stalls. Ada banyak penjual makanan kekinian berkonsep kontainer untuk kamu yang suka memanjakan lidah. Dan kalau ingin menambah stok swafoto ada banyak spot Instagrammable yang patut dicoba.",Taman Hiburan,Yogyakarta,15000,2
124,Taman Sungai Mudal,"Taman Sungai Mudal, sebuah objek wisata alam terbuka yang terletak di Kabupaten Kulon Progo, yang menawarkan pesona sebuah kolam pemandian yang bersumber dari mata air alami. Mata airnya bersumber dari sebuah goa, sehingga kehadiran Taman Sungai Mudal menjadi mengesampingkan kesan angker dari sebuah goa. Apalagi ditambah dengan dukungan fasilitas yang membuat para wisatawan merasa nyaman saat berada di sana. Taman Sungai Mudal menjadi salah-satu wisata Kulon Progo yang selalu menjadi destinasi utama saat liburan tiba. Salah-satu alasan utamanya dikarenakan Taman Sungai Mudal mampu menjadi destinasi wisata keluarga yang menyenangkan.",Cagar Alam,Yogyakarta,10000,3
125,Pantai Sanglen,"Pantai Sanglen. Lokasinya berada di Desa Kemadang, Gunung Kidul. Pantai indah yang satu ini memang terdengar asing di telinga, namun ternyata pantai ini menyimpan keindahan yang sangat menenangkan. Keadaan ombaknya diam-diam menghanyutkan membuat kita harus berhati-hati jika ingin bermain air ketika sedang pasang, namun ketika surut kamu dapat bemain ombak di sekitar pantainya. Tak jauh dari area pantai terdapat sebuah bukit dengan hiasan pepohonan yang masih rindang serta berwarna hijau alam, kamu dapat naik ke atas bukit melalui tangga yang sudah disediakan.",Bahari,Yogyakarta,10000,2
126,Pantai Congot,"Selain Pantai Glagah dan Pantai Trisik, ternyata masih ada satu lagi pantai yang berada di Kulon Progo. Yakni Pantai Congot, pantai yang satu ini terkenal sebagai surganya memancing ikan. Maka tak heran jika Pantai Congot banyak dikunjungi oleh mereka para mancing mania, selain itu masyarakat sekitar Pantai Congot menggantungkan hidupnya sebagai nelayan. Pantai Congot memang tak sepopuler pantai lain yang ada di Kulon Progo, mulai banyak dikunjungi wisatawan ketika dibukanya Hutan Mangrove Pasir Mendit. Karena memang lokasinya yang tak terlalu jauh dari Pantai Congot, yakni berada di sebelah barat pantai. Pantai Congot merupakan muara dari Sungai Bogowonto. Ini pulalah yang menyebabkan Pantai Congot menjadi spot favorite para pemancing, karena terdapat banyak jenis ikan yang ada mulai dari ikan air tawar, ikan air payau hingga ikan air asin.",Bahari,Yogyakarta,3000,1
